-- MySQL dump 10.13  Distrib 8.0.30, for Win64 (x86_64)
--
-- Host: localhost    Database: optimized_supply_chain
-- ------------------------------------------------------
-- Server version	8.0.30

/*!40101 SET @OLD_CHARACTER_SET_CLIENT=@@CHARACTER_SET_CLIENT */;
/*!40101 SET @OLD_CHARACTER_SET_RESULTS=@@CHARACTER_SET_RESULTS */;
/*!40101 SET @OLD_COLLATION_CONNECTION=@@COLLATION_CONNECTION */;
/*!50503 SET NAMES utf8 */;
/*!40103 SET @OLD_TIME_ZONE=@@TIME_ZONE */;
/*!40103 SET TIME_ZONE='+00:00' */;
/*!40014 SET @OLD_UNIQUE_CHECKS=@@UNIQUE_CHECKS, UNIQUE_CHECKS=0 */;
/*!40014 SET @OLD_FOREIGN_KEY_CHECKS=@@FOREIGN_KEY_CHECKS, FOREIGN_KEY_CHECKS=0 */;
/*!40101 SET @OLD_SQL_MODE=@@SQL_MODE, SQL_MODE='NO_AUTO_VALUE_ON_ZERO' */;
/*!40111 SET @OLD_SQL_NOTES=@@SQL_NOTES, SQL_NOTES=0 */;

--
-- Table structure for table `customer_contacts`
--

DROP TABLE IF EXISTS `customer_contacts`;
/*!40101 SET @saved_cs_client     = @@character_set_client */;
/*!50503 SET character_set_client = utf8mb4 */;
CREATE TABLE `customer_contacts` (
  `customer_id` int NOT NULL,
  `contact_type` varchar(255) DEFAULT NULL,
  `contact_info` varchar(255) DEFAULT NULL,
  PRIMARY KEY (`customer_id`),
  CONSTRAINT `customer_contacts_ibfk_1` FOREIGN KEY (`customer_id`) REFERENCES `customers` (`customer_id`)
) ENGINE=InnoDB DEFAULT CHARSET=utf8mb4 COLLATE=utf8mb4_0900_ai_ci;
/*!40101 SET character_set_client = @saved_cs_client */;

--
-- Dumping data for table `customer_contacts`
--

LOCK TABLES `customer_contacts` WRITE;
/*!40000 ALTER TABLE `customer_contacts` DISABLE KEYS */;
INSERT INTO `customer_contacts` VALUES (1,'mobile','1596077628'),(2,'home','8098124663'),(3,'home','7749556065'),(4,'home','7366243910'),(5,'mobile','4282669448'),(6,'home','3827228351'),(7,'home','8691999800'),(8,'mobile','9677133011'),(9,'mobile','6026352308'),(10,'mobile','2355599216'),(11,'mobile','7838074117'),(12,'mobile','7337545083'),(13,'mobile','8121966613'),(14,'home','2173504859'),(15,'mobile','9751467562'),(16,'home','5939958659'),(17,'mobile','3661126358'),(18,'home','1401199310'),(19,'home','2974245454'),(20,'mobile','1904218658'),(21,'home','4039873604'),(22,'mobile','9775036411'),(23,'home','5494322795'),(24,'mobile','9992478963'),(25,'mobile','5899054677'),(26,'home','6763661983'),(27,'mobile','8079598095'),(28,'home','7156906216'),(29,'mobile','4768715343'),(30,'mobile','6624631939'),(31,'home','6714407120'),(32,'mobile','4844107017'),(33,'mobile','8971414363'),(34,'mobile','6862217717'),(35,'mobile','7394459488'),(36,'home','9452293941'),(37,'mobile','4761000603'),(38,'mobile','7156806690'),(39,'home','8877184314'),(40,'mobile','2971037577'),(41,'home','1137658146'),(42,'mobile','7312124992'),(43,'home','4041004535'),(44,'mobile','2584284797'),(45,'mobile','4303356236'),(46,'mobile','1681338033'),(47,'home','7617872738'),(48,'mobile','6532625062'),(49,'mobile','8268289975'),(50,'home','5563752656'),(51,'mobile','7476225140'),(52,'home','6508587072'),(53,'mobile','6183839952'),(54,'home','4052365225'),(55,'home','2316749637'),(56,'mobile','7503111427'),(57,'home','6756693184'),(58,'home','8143357593'),(59,'home','2751596390'),(60,'home','2987831874'),(61,'mobile','1703720754'),(62,'home','4055187722'),(63,'mobile','5093558190'),(64,'home','3739503798'),(65,'mobile','6106731765'),(66,'home','8451347850'),(67,'mobile','9611890536'),(68,'mobile','8916767743'),(69,'mobile','4787718300'),(70,'home','8493423208'),(71,'home','6554246576'),(72,'home','5304071242'),(73,'mobile','5384158110'),(74,'home','6917023717'),(75,'mobile','9059223258'),(76,'home','3142285822'),(77,'home','2469515738'),(78,'mobile','2056286059'),(79,'home','7342823911'),(80,'home','8066152081'),(81,'home','4665921031'),(82,'home','1733595747'),(83,'home','5109523821'),(84,'mobile','2099841961'),(85,'home','9089843763'),(86,'mobile','4368928157'),(87,'mobile','1349450493'),(88,'mobile','7353006844'),(89,'mobile','4618931934'),(90,'mobile','2527532938'),(91,'home','8833900239'),(92,'home','6233049042'),(93,'mobile','9897088701'),(94,'home','1813316988'),(95,'mobile','3147064529'),(96,'mobile','9853939260'),(97,'home','4205376858'),(98,'home','4303504461'),(99,'mobile','5311524981'),(100,'mobile','9668219023'),(101,'home','6027032401'),(102,'mobile','6506857786'),(103,'home','9337437963'),(104,'home','6161505586'),(105,'home','4003905606'),(106,'mobile','7009922784'),(107,'home','5602347538'),(108,'home','3926531314'),(109,'home','2552360846'),(110,'home','6082444516'),(111,'home','2515992630'),(112,'home','8655247155'),(113,'mobile','6688787706'),(114,'home','3926900610'),(115,'home','2085904644'),(116,'mobile','2259152026'),(117,'home','5542315912'),(118,'home','7557420343'),(119,'home','6342010235'),(120,'home','3604163864'),(121,'home','5552007047'),(122,'mobile','8285603476'),(123,'home','7558336159'),(124,'home','1658882293'),(125,'mobile','1194011332'),(126,'home','5594757483'),(127,'mobile','2549738518'),(128,'mobile','2374121693'),(129,'mobile','8857523940'),(130,'home','1341077961'),(131,'mobile','3455229138'),(132,'mobile','8186911621'),(133,'home','8354574793'),(134,'home','6201948973'),(135,'home','5956488504'),(136,'mobile','4786246123'),(137,'mobile','6744519723'),(138,'home','8829202207'),(139,'mobile','9029878561'),(140,'home','2629336883'),(141,'home','2523329870'),(142,'home','9386464204'),(143,'home','3323793398'),(144,'mobile','1558822372'),(145,'mobile','1649081498'),(146,'mobile','8178035604'),(147,'mobile','9829296084'),(148,'home','2354336345'),(149,'mobile','1928754499'),(150,'home','6267635214'),(151,'home','5076225812'),(152,'home','3373893413'),(153,'home','3396267654'),(154,'home','1206030313'),(155,'home','4142773499'),(156,'home','6657572820'),(157,'home','9809616031'),(158,'home','8765359861'),(159,'home','6539449671'),(160,'mobile','3905243771'),(161,'home','3853802802'),(162,'mobile','1869707956'),(163,'home','8098653376'),(164,'mobile','4225083398'),(165,'mobile','5621881247'),(166,'mobile','3095504266'),(167,'mobile','7067160427'),(168,'mobile','4514401861'),(169,'mobile','1231749154'),(170,'home','1015719615'),(171,'mobile','7513573693'),(172,'home','6106137680'),(173,'home','7372072599'),(174,'mobile','2389483282'),(175,'mobile','2565419460'),(176,'home','1891033791'),(177,'mobile','2023054258'),(178,'mobile','2508055422'),(179,'mobile','1941950017'),(180,'home','9985992598'),(181,'home','6992886935'),(182,'mobile','5611536773'),(183,'mobile','2677561134'),(184,'home','5625115107'),(185,'home','3809128161'),(186,'home','2728189448'),(187,'home','8285347836'),(188,'mobile','2884440251'),(189,'home','1573872746'),(190,'home','5202873234'),(191,'home','7474573047'),(192,'mobile','4775889044'),(193,'mobile','2995241636'),(194,'mobile','2751418349'),(195,'home','2922190711'),(196,'home','9809627951'),(197,'mobile','7891405046'),(198,'mobile','5698686412'),(199,'home','6026313103'),(200,'home','7968122379'),(201,'home','9065843247'),(202,'home','9594150602'),(203,'home','5476960093'),(204,'mobile','1756405224'),(205,'home','4087122839'),(206,'home','3496933440'),(207,'mobile','2695821725'),(208,'home','9244063873'),(209,'mobile','4072427872'),(210,'mobile','1077676342'),(211,'home','7726816710'),(212,'home','5758970189'),(213,'mobile','7359067989'),(214,'mobile','9491388567'),(215,'home','8578946840'),(216,'mobile','6494083380'),(217,'home','5271784787'),(218,'home','4106587321'),(219,'home','3128629692'),(220,'mobile','9213427833'),(221,'home','2677999259'),(222,'mobile','6882649079'),(223,'mobile','9115584165'),(224,'home','1277784731'),(225,'home','3225370903'),(226,'home','2102157589'),(227,'home','6268827123'),(228,'mobile','2777532784'),(229,'mobile','7899556266'),(230,'home','5159957896'),(231,'home','6744542711'),(232,'home','1358624433'),(233,'home','8938279825'),(234,'mobile','1302091136'),(235,'home','8756362604'),(236,'mobile','8064156135'),(237,'home','8651732162'),(238,'mobile','7688949006'),(239,'home','6002412481'),(240,'home','4375595268'),(241,'home','2747622899'),(242,'home','5724747909'),(243,'mobile','3962636175'),(244,'home','8218451625'),(245,'home','4582412903'),(246,'home','8111253687'),(247,'mobile','9206710425'),(248,'home','2515833177'),(249,'mobile','2337782968'),(250,'mobile','8566638548'),(251,'mobile','5442194697'),(252,'home','9823730135'),(253,'home','8487888056'),(254,'mobile','2824120945'),(255,'home','2555578367'),(256,'home','1762868655'),(257,'home','1453455011'),(258,'mobile','2296616803'),(259,'mobile','4627140868'),(260,'mobile','7569160033'),(261,'mobile','8951416623'),(262,'home','2185919430'),(263,'mobile','7903324819'),(264,'mobile','5531700485'),(265,'home','3638221458'),(266,'home','2776032888'),(267,'home','7717603303'),(268,'mobile','4044211838'),(269,'mobile','8907178691'),(270,'mobile','2901345742'),(271,'mobile','6451231897'),(272,'mobile','2151656488'),(273,'home','8754452185'),(274,'home','9059170908'),(275,'mobile','7234581551'),(276,'home','6105854402'),(277,'mobile','1627286704'),(278,'mobile','6297939845'),(279,'mobile','1873856354'),(280,'home','9981438073'),(281,'mobile','8144984185'),(282,'home','9195757183'),(283,'mobile','3695726828'),(284,'mobile','2311927468'),(285,'mobile','7079410587'),(286,'mobile','6223666999'),(287,'home','6468654073'),(288,'mobile','5162795408'),(289,'home','3661022806'),(290,'mobile','1458588006'),(291,'mobile','1354722757'),(292,'home','3867325741'),(293,'mobile','6253107826'),(294,'mobile','6618138667'),(295,'mobile','8716819357'),(296,'home','9852393524'),(297,'home','5342839231'),(298,'home','6281629072'),(299,'home','4507915530'),(300,'mobile','2891724000'),(301,'home','8537087033'),(302,'mobile','4912957292'),(303,'mobile','7767446231'),(304,'home','7943752419'),(305,'home','8133761588'),(306,'home','3136372100'),(307,'home','2476911808'),(308,'home','6246620721'),(309,'mobile','4098028527'),(310,'mobile','6784337594'),(311,'mobile','3128569560'),(312,'mobile','6435113461'),(313,'mobile','2462771351'),(314,'home','5364668939'),(315,'mobile','6148956042'),(316,'mobile','6524145012'),(317,'home','4946952742'),(318,'mobile','9862656230'),(319,'mobile','1664291244'),(320,'home','5469342807'),(321,'home','2655419971'),(322,'home','9614904823'),(323,'home','5434130648'),(324,'home','4748770142'),(325,'home','2064440926'),(326,'home','4394962903'),(327,'home','4883727806'),(328,'home','6006872360'),(329,'mobile','4653013925'),(330,'mobile','6388840578'),(331,'home','7872480340'),(332,'mobile','4967286883'),(333,'mobile','1808594845'),(334,'home','2084618438'),(335,'mobile','6699789217'),(336,'mobile','6502962811'),(337,'mobile','5248452842'),(338,'home','5865223666'),(339,'home','4317474957'),(340,'mobile','4906843134'),(341,'mobile','5055487924'),(342,'mobile','3139773818'),(343,'home','7925020401'),(344,'mobile','8181360887'),(345,'home','6575238793'),(346,'mobile','1281960700'),(347,'home','1102339068'),(348,'mobile','6258736452'),(349,'mobile','2663390764'),(350,'mobile','5697521154'),(351,'home','6916947789'),(352,'home','7083632935'),(353,'mobile','4253446000'),(354,'home','2237897790'),(355,'home','7322587692'),(356,'home','5318819848'),(357,'home','7584054660'),(358,'home','4129479015'),(359,'mobile','8163859304'),(360,'mobile','4385692115'),(361,'home','5756188370'),(362,'home','4862172026'),(363,'home','7643034046'),(364,'home','4917872476'),(365,'mobile','6819933788'),(366,'mobile','5425574330'),(367,'mobile','5623556088'),(368,'home','3426820433'),(369,'home','6594061285'),(370,'mobile','7129972982'),(371,'mobile','1769158380'),(372,'home','7174960319'),(373,'home','3152893267'),(374,'home','3147883620'),(375,'home','7789174936'),(376,'home','1572475877'),(377,'home','2567000168'),(378,'mobile','7299340338'),(379,'mobile','2493638039'),(380,'home','2718946305'),(381,'mobile','4527391653'),(382,'home','7192559073'),(383,'mobile','4531795088'),(384,'home','8944272838'),(385,'mobile','8882721219'),(386,'home','6557265886'),(387,'mobile','7013191536'),(388,'home','4298386758'),(389,'home','1153648339'),(390,'mobile','7547124826'),(391,'mobile','4236778644'),(392,'home','1572108331'),(393,'home','4245476722'),(394,'home','7853857420'),(395,'mobile','7519741202'),(396,'home','2065418031'),(397,'mobile','8401846847'),(398,'home','7024847044'),(399,'mobile','8736395568'),(400,'mobile','3931834834'),(401,'mobile','8202620174'),(402,'mobile','8739856564'),(403,'home','9907146029'),(404,'home','2652045350'),(405,'home','6383381574'),(406,'mobile','2663080215'),(407,'mobile','8201629785'),(408,'home','3919137118'),(409,'mobile','6641942814'),(410,'mobile','5837259610'),(411,'mobile','4317489878'),(412,'home','4362494351'),(413,'mobile','2265045780'),(414,'mobile','5007844014'),(415,'home','8399165551'),(416,'home','3379969132'),(417,'home','2128985328'),(418,'mobile','4461159354'),(419,'home','7455884259'),(420,'mobile','1205572697'),(421,'mobile','1136536882'),(422,'home','4241207831'),(423,'mobile','5823156585'),(424,'mobile','1243281607'),(425,'home','2286152221'),(426,'home','1276006063'),(427,'home','2274814100'),(428,'home','1787070511'),(429,'home','3396678737'),(430,'home','6378015468'),(431,'home','6009791557'),(432,'home','9408791425'),(433,'mobile','7232128876'),(434,'home','9499204552'),(435,'mobile','5391170223'),(436,'mobile','9993142782'),(437,'home','5196301343'),(438,'mobile','9613208529'),(439,'home','4786258339'),(440,'home','7867386990'),(441,'home','2508453681'),(442,'mobile','3116221212'),(443,'mobile','2755520304'),(444,'home','6432659767'),(445,'home','8187242742'),(446,'mobile','1668880759'),(447,'home','4949290384'),(448,'mobile','6223767900'),(449,'home','1813816809'),(450,'home','3892905497'),(451,'home','2076671272'),(452,'home','6669043165'),(453,'home','7828411945'),(454,'home','2143823616'),(455,'mobile','7776609588'),(456,'mobile','2255945276'),(457,'home','5648648477'),(458,'mobile','9694508375'),(459,'home','4972531984'),(460,'mobile','8477346267'),(461,'home','9494181473'),(462,'home','3003812357'),(463,'mobile','5296537424'),(464,'mobile','4625201890'),(465,'home','9851591919'),(466,'mobile','8191072845'),(467,'home','8738821663'),(468,'mobile','3453832182'),(469,'home','9273925477'),(470,'mobile','6552493256'),(471,'home','5904745022'),(472,'home','1423856986'),(473,'home','4487226462'),(474,'mobile','6786049166'),(475,'home','4757475110'),(476,'mobile','1788133274'),(477,'home','1197706595'),(478,'mobile','4783605808'),(479,'mobile','4458317384'),(480,'mobile','1334016016'),(481,'mobile','3931156228'),(482,'mobile','1146800973'),(483,'home','8445347596'),(484,'mobile','6091999891'),(485,'home','3041540447'),(486,'home','1347376065'),(487,'home','4607172377'),(488,'mobile','7602895327'),(489,'mobile','7502541383'),(490,'home','7206945991'),(491,'home','5759038038'),(492,'home','6189550412'),(493,'mobile','9159339574'),(494,'mobile','1641519889'),(495,'home','6275850275'),(496,'home','2692185906'),(497,'home','3772524159'),(498,'home','5628059642'),(499,'mobile','8837844051'),(500,'mobile','2648555055');
/*!40000 ALTER TABLE `customer_contacts` ENABLE KEYS */;
UNLOCK TABLES;

--
-- Table structure for table `customer_orders`
--

DROP TABLE IF EXISTS `customer_orders`;
/*!40101 SET @saved_cs_client     = @@character_set_client */;
/*!50503 SET character_set_client = utf8mb4 */;
CREATE TABLE `customer_orders` (
  `order_id` int NOT NULL,
  `customer_id` int NOT NULL,
  PRIMARY KEY (`order_id`,`customer_id`),
  KEY `customer_id` (`customer_id`),
  CONSTRAINT `customer_orders_ibfk_1` FOREIGN KEY (`order_id`) REFERENCES `orders` (`order_id`),
  CONSTRAINT `customer_orders_ibfk_2` FOREIGN KEY (`customer_id`) REFERENCES `customers` (`customer_id`)
) ENGINE=InnoDB DEFAULT CHARSET=utf8mb4 COLLATE=utf8mb4_0900_ai_ci;
/*!40101 SET character_set_client = @saved_cs_client */;

--
-- Dumping data for table `customer_orders`
--

LOCK TABLES `customer_orders` WRITE;
/*!40000 ALTER TABLE `customer_orders` DISABLE KEYS */;
INSERT INTO `customer_orders` VALUES (81,1),(488,1),(57,2),(616,2),(59,3),(509,3),(618,4),(1,5),(941,5),(218,6),(421,6),(725,6),(81,7),(82,7),(118,7),(545,7),(650,7),(674,7),(52,8),(198,8),(109,9),(705,9),(707,9),(786,10),(230,11),(537,11),(589,11),(854,11),(873,11),(303,12),(436,12),(631,12),(768,12),(23,14),(152,14),(459,14),(647,15),(51,16),(88,16),(773,16),(26,17),(472,17),(569,17),(813,17),(330,19),(962,19),(700,20),(766,20),(298,22),(443,22),(90,23),(436,24),(90,25),(414,25),(865,25),(85,26),(493,26),(708,26),(756,26),(786,26),(106,27),(713,27),(350,28),(847,29),(243,30),(278,30),(534,30),(871,30),(608,31),(661,31),(662,31),(704,31),(419,32),(568,33),(707,33),(63,34),(102,34),(489,35),(566,35),(621,35),(916,35),(54,36),(391,36),(29,38),(97,38),(103,38),(229,38),(430,38),(872,38),(343,39),(496,39),(545,39),(856,39),(500,40),(510,40),(739,41),(168,42),(827,43),(849,45),(189,46),(117,47),(621,47),(321,48),(107,49),(125,49),(532,49),(923,49),(171,50),(685,50),(192,51),(895,51),(66,52),(684,52),(829,52),(169,53),(893,53),(397,54),(154,55),(398,55),(435,57),(991,57),(254,58),(445,60),(157,61),(179,61),(422,61),(512,61),(109,62),(633,62),(545,63),(781,63),(956,64),(54,65),(695,65),(14,67),(157,67),(678,67),(252,68),(558,68),(821,68),(13,69),(689,69),(409,70),(953,70),(200,71),(387,71),(30,74),(800,76),(120,77),(392,77),(408,77),(807,77),(862,77),(26,78),(4,79),(555,79),(74,80),(237,80),(499,83),(766,83),(254,85),(283,85),(349,85),(517,85),(826,85),(40,86),(164,86),(246,86),(852,86),(104,87),(344,87),(640,88),(721,88),(836,88),(570,89),(118,90),(53,91),(65,91),(906,91),(993,91),(504,92),(633,93),(869,93),(863,94),(177,95),(465,95),(777,95),(865,95),(897,96),(159,97),(167,98),(879,98),(916,98),(239,99),(426,99),(354,100),(21,101),(920,102),(130,103),(194,103),(202,103),(408,103),(417,103),(853,104),(198,105),(891,105),(54,107),(798,107),(801,107),(278,108),(491,108),(691,108),(901,108),(67,109),(133,109),(176,109),(768,109),(14,110),(61,111),(494,111),(838,111),(395,112),(543,112),(117,113),(480,113),(186,115),(810,115),(830,115),(213,116),(415,117),(465,117),(609,118),(703,118),(222,119),(525,119),(440,120),(970,123),(988,123),(9,125),(230,125),(313,125),(426,125),(602,125),(750,125),(829,125),(39,126),(63,127),(361,127),(491,127),(791,127),(225,128),(131,129),(466,129),(783,129),(165,130),(639,130),(26,131),(44,131),(334,131),(374,131),(449,131),(383,133),(544,133),(318,135),(45,136),(403,136),(799,136),(483,137),(511,137),(656,138),(619,141),(625,141),(639,141),(10,142),(111,142),(749,142),(980,142),(275,143),(552,143),(642,143),(366,144),(574,144),(880,144),(520,145),(837,145),(979,145),(238,146),(371,146),(544,146),(885,146),(945,146),(167,147),(655,147),(64,148),(760,148),(498,149),(617,149),(347,151),(370,152),(38,153),(206,154),(919,154),(917,155),(422,156),(486,156),(197,157),(399,157),(701,157),(846,158),(475,159),(618,159),(882,160),(931,160),(188,161),(777,161),(264,162),(408,162),(641,162),(667,162),(337,163),(673,163),(851,164),(287,165),(392,165),(447,165),(467,165),(633,165),(890,165),(169,166),(535,168),(131,170),(444,170),(517,170),(720,170),(826,170),(872,170),(57,171),(872,172),(970,172),(18,173),(823,173),(405,174),(499,175),(519,175),(674,175),(848,175),(555,176),(117,179),(314,179),(117,181),(149,182),(974,182),(334,183),(463,184),(20,185),(46,185),(716,185),(934,185),(969,185),(169,187),(607,187),(983,187),(342,188),(283,189),(497,190),(578,190),(63,193),(396,193),(122,194),(839,194),(56,196),(745,196),(4,197),(238,197),(642,197),(116,198),(301,199),(479,199),(173,200),(358,200),(485,200),(665,200),(764,200),(267,201),(819,202),(882,202),(173,203),(756,203),(240,204),(850,205),(256,206),(455,206),(948,206),(212,207),(820,207),(574,208),(186,211),(264,211),(834,211),(339,213),(857,214),(544,215),(870,215),(76,216),(119,216),(801,216),(370,217),(456,218),(640,218),(230,219),(879,220),(437,222),(970,222),(260,223),(693,223),(956,223),(989,223),(140,224),(967,224),(54,225),(358,225),(48,226),(332,226),(679,226),(701,226),(773,226),(809,226),(182,228),(275,228),(431,228),(433,228),(936,228),(66,230),(843,230),(32,231),(202,231),(906,231),(466,233),(431,234),(195,235),(296,235),(333,235),(436,235),(603,236),(897,236),(7,237),(232,237),(427,237),(5,238),(479,238),(29,239),(878,239),(122,240),(155,240),(964,240),(215,241),(681,241),(886,241),(488,243),(705,243),(946,243),(306,244),(633,244),(11,245),(101,245),(161,245),(454,245),(459,245),(712,245),(938,245),(814,246),(943,246),(975,246),(141,247),(298,247),(490,247),(906,247),(997,247),(104,248),(222,248),(494,248),(229,249),(857,249),(635,250),(867,250),(387,251),(439,251),(686,252),(825,252),(945,252),(666,253),(898,253),(51,256),(232,256),(423,257),(490,257),(469,258),(319,259),(351,259),(357,259),(363,259),(687,259),(894,259),(141,260),(195,260),(938,260),(512,261),(300,262),(213,263),(873,263),(332,264),(246,265),(381,265),(535,265),(546,265),(593,265),(791,265),(407,266),(492,266),(510,267),(513,267),(962,267),(320,268),(422,268),(136,269),(399,269),(736,269),(794,269),(50,270),(803,271),(164,272),(500,272),(251,273),(269,273),(466,273),(81,274),(275,274),(375,275),(649,275),(521,276),(798,276),(572,277),(40,278),(353,278),(550,278),(796,278),(10,279),(306,279),(8,280),(75,280),(193,280),(212,281),(281,282),(431,282),(334,283),(76,284),(621,284),(14,285),(60,285),(979,285),(110,287),(374,287),(759,287),(777,287),(953,287),(33,288),(198,288),(201,288),(433,288),(813,288),(910,288),(405,289),(289,290),(545,290),(67,291),(655,291),(663,291),(305,294),(72,296),(226,296),(757,296),(560,297),(116,298),(360,298),(437,298),(883,298),(361,299),(162,300),(875,300),(884,300),(992,300),(905,301),(273,302),(925,302),(224,303),(766,303),(768,303),(830,303),(12,305),(144,305),(25,306),(331,306),(654,306),(660,306),(729,306),(300,307),(368,307),(61,309),(386,309),(529,309),(568,309),(987,309),(457,310),(605,310),(770,310),(854,310),(710,311),(626,312),(278,313),(475,313),(481,314),(955,314),(297,315),(663,315),(920,315),(938,315),(965,316),(45,317),(990,318),(63,319),(374,319),(978,319),(530,320),(460,321),(709,321),(149,322),(652,322),(244,324),(417,325),(994,325),(553,326),(681,326),(683,326),(473,327),(93,328),(849,328),(858,330),(889,330),(217,331),(500,331),(654,331),(108,332),(637,332),(757,332),(14,333),(427,335),(534,336),(551,336),(671,336),(126,337),(213,337),(663,337),(927,337),(150,338),(308,339),(789,340),(856,340),(946,340),(395,341),(718,341),(727,341),(110,342),(611,342),(212,344),(241,344),(255,344),(599,345),(707,345),(264,346),(209,347),(390,347),(981,347),(984,347),(19,348),(134,348),(235,348),(158,349),(191,349),(537,349),(667,349),(129,350),(216,350),(497,350),(569,351),(620,351),(386,354),(578,354),(695,354),(150,355),(805,355),(107,356),(122,356),(190,356),(233,356),(357,357),(402,357),(785,357),(846,357),(59,358),(906,358),(202,359),(375,359),(403,361),(314,362),(374,362),(399,362),(762,362),(257,363),(971,363),(976,363),(158,364),(614,364),(824,364),(323,365),(288,366),(966,366),(366,367),(960,367),(94,368),(466,368),(774,368),(161,369),(312,369),(113,371),(288,371),(280,373),(897,374),(118,375),(227,375),(269,375),(372,375),(609,375),(123,376),(670,376),(695,376),(77,377),(537,378),(621,378),(801,378),(569,379),(471,380),(799,380),(472,382),(898,382),(207,384),(974,384),(193,385),(236,385),(575,385),(664,385),(36,386),(174,386),(763,386),(98,387),(948,387),(435,388),(474,388),(551,389),(16,390),(177,390),(539,390),(564,390),(620,390),(91,391),(90,392),(184,392),(273,392),(604,393),(799,393),(16,394),(113,395),(776,395),(230,396),(574,396),(50,397),(71,397),(705,397),(76,398),(190,398),(252,398),(311,398),(478,399),(605,399),(172,401),(556,402),(881,402),(814,404),(355,405),(585,406),(96,407),(178,407),(345,407),(441,407),(500,407),(727,407),(762,407),(402,408),(570,408),(699,409),(925,409),(242,410),(468,410),(755,410),(698,411),(736,412),(886,412),(10,413),(110,413),(677,414),(849,414),(855,414),(966,414),(120,415),(493,415),(865,415),(977,415),(107,416),(415,416),(10,417),(521,418),(672,418),(327,419),(136,420),(400,420),(697,420),(816,421),(959,421),(963,421),(184,423),(227,423),(353,423),(383,423),(888,423),(907,424),(549,425),(768,425),(850,425),(33,426),(370,426),(534,426),(410,427),(853,427),(3,428),(124,428),(938,428),(423,429),(47,430),(665,430),(678,430),(83,431),(900,431),(83,432),(162,432),(202,432),(525,432),(623,432),(369,433),(620,433),(557,434),(329,435),(365,435),(564,438),(217,439),(375,439),(661,439),(108,440),(320,441),(729,441),(887,441),(334,442),(805,443),(193,445),(936,445),(388,446),(846,446),(967,446),(975,446),(323,447),(275,449),(538,449),(385,450),(444,451),(104,452),(877,452),(927,452),(283,453),(345,453),(844,453),(735,454),(771,454),(998,454),(12,455),(588,455),(238,456),(281,456),(402,456),(467,457),(22,458),(230,458),(370,459),(399,459),(789,459),(876,459),(41,461),(75,461),(735,461),(795,461),(175,462),(316,462),(727,462),(940,462),(111,463),(419,463),(940,463),(957,463),(186,464),(706,464),(791,464),(877,464),(367,465),(877,466),(371,467),(551,467),(785,467),(890,467),(919,468),(588,469),(720,469),(924,470),(601,471),(701,471),(99,472),(728,472),(195,473),(688,473),(100,474),(676,474),(774,474),(117,475),(125,475),(338,477),(847,477),(427,478),(732,478),(302,479),(715,479),(353,480),(383,480),(38,481),(220,481),(525,481),(600,482),(541,484),(871,484),(116,485),(770,485),(909,485),(610,486),(852,486),(401,487),(136,488),(599,489),(112,490),(114,490),(707,490),(868,490),(128,491),(421,492),(520,492),(624,492),(661,492),(153,495),(266,495),(929,495),(988,495),(177,496),(207,496),(470,496),(692,496),(819,496),(90,497),(599,497),(676,497),(66,498),(117,498),(723,498),(729,498),(762,498),(136,499),(820,499);
/*!40000 ALTER TABLE `customer_orders` ENABLE KEYS */;
UNLOCK TABLES;

--
-- Table structure for table `customers`
--

DROP TABLE IF EXISTS `customers`;
/*!40101 SET @saved_cs_client     = @@character_set_client */;
/*!50503 SET character_set_client = utf8mb4 */;
CREATE TABLE `customers` (
  `customer_id` int NOT NULL,
  `customer_name` varchar(255) DEFAULT NULL,
  `location_id` int DEFAULT NULL,
  PRIMARY KEY (`customer_id`),
  KEY `location_id` (`location_id`),
  CONSTRAINT `customers_ibfk_1` FOREIGN KEY (`location_id`) REFERENCES `locations` (`location_id`)
) ENGINE=InnoDB DEFAULT CHARSET=utf8mb4 COLLATE=utf8mb4_0900_ai_ci;
/*!40101 SET character_set_client = @saved_cs_client */;

--
-- Dumping data for table `customers`
--

LOCK TABLES `customers` WRITE;
/*!40000 ALTER TABLE `customers` DISABLE KEYS */;
INSERT INTO `customers` VALUES (1,'Benditt',540),(2,'Hotton',335),(3,'Burgher',293),(4,'Havis',471),(5,'Whenham',133),(6,'Ambrogi',327),(7,'MacVagh',296),(8,'Spradbery',109),(9,'Meins',184),(10,'Darmody',123),(11,'Axtell',248),(12,'Fetherstonhaugh',163),(13,'Pellington',175),(14,'Lamswood',258),(15,'Ivanchov',48),(16,'Toffetto',257),(17,'Orcott',17),(18,'Attoc',35),(19,'Warkup',547),(20,'Aspinal',152),(21,'Charity',533),(22,'Beckey',155),(23,'Goymer',569),(24,'Dorracott',503),(25,'Sharma',176),(26,'Shepherd',54),(27,'Balshen',57),(28,'Beddie',334),(29,'Stickney',82),(30,'Lovel',134),(31,'Pittendreigh',433),(32,'Whitton',40),(33,'Guyonnet',88),(34,'Fronczak',23),(35,'Dowtry',351),(36,'Nibley',72),(37,'Sunshine',345),(38,'Robbins',479),(39,'Ackenhead',462),(40,'La Grange',59),(41,'Corday',100),(42,'Geelan',407),(43,'Dudderidge',246),(44,'Kilborn',201),(45,'Allanson',144),(46,'Snowman',212),(47,'Bawme',309),(48,'Broske',65),(49,'MacNeice',196),(50,'Sherlock',519),(51,'Ortmann',185),(52,'Sprowson',195),(53,'MacCrossan',190),(54,'Rowaszkiewicz',332),(55,'Mold',394),(56,'Mussolini',176),(57,'Wharin',183),(58,'Muddle',281),(59,'Marval',333),(60,'Giovannilli',430),(61,'Caple',20),(62,'Mundle',464),(63,'Segrave',281),(64,'McFetridge',321),(65,'Feaks',297),(66,'Biswell',569),(67,'Riggs',493),(68,'McDermott',527),(69,'Nevins',155),(70,'Liddyard',468),(71,'Pybus',274),(72,'Livett',589),(73,'Lorence',256),(74,'Peniman',343),(75,'Holburn',506),(76,'Orum',598),(77,'Church',533),(78,'Furmedge',133),(79,'Jurries',51),(80,'Garfath',257),(81,'Blei',23),(82,'Constable',91),(83,'Brinkworth',266),(84,'Ginnane',474),(85,'Goodoune',215),(86,'Brose',398),(87,'Mayward',247),(88,'Neiland',395),(89,'Tees',562),(90,'Labbe',330),(91,'Safell',361),(92,'Gorrick',31),(93,'Johnigan',452),(94,'Thrush',315),(95,'Wonfor',177),(96,'Salliere',500),(97,'Dewbury',425),(98,'Belford',303),(99,'Tantrum',427),(100,'Auten',226),(101,'Golland',307),(102,'Laurie',445),(103,'Rettie',100),(104,'Pashler',1),(105,'Chick',484),(106,'Jeness',567),(107,'Kimmitt',429),(108,'Capstaff',8),(109,'MacSharry',104),(110,'Oselton',234),(111,'Code',506),(112,'Surby',520),(113,'Scedall',233),(114,'Ginner',43),(115,'Starcks',260),(116,'Jacqueme',596),(117,'Oldrey',423),(118,'Pre',246),(119,'Samwyse',569),(120,'Mottinelli',254),(121,'Kilfedder',424),(122,'Wingeat',188),(123,'Wayman',499),(124,'Monroe',11),(125,'Lyman',358),(126,'Flippen',453),(127,'Heaphy',265),(128,'Bilborough',128),(129,'Philipot',405),(130,'Polfer',257),(131,'Whitley',168),(132,'Schall',385),(133,'Coy',349),(134,'Chevis',452),(135,'Cregg',442),(136,'Eberz',220),(137,'Lengthorn',351),(138,'Leguey',228),(139,'Gully',406),(140,'Turgoose',446),(141,'Gowdy',597),(142,'Wogdon',356),(143,'Clark',380),(144,'Smethurst',328),(145,'Smorthwaite',447),(146,'Pencott',1),(147,'Read',134),(148,'Deere',151),(149,'McDuall',293),(150,'Farncomb',122),(151,'Jesty',57),(152,'Lawford',113),(153,'Lehon',419),(154,'Jouanny',566),(155,'Brennand',258),(156,'McNellis',133),(157,'Taggett',394),(158,'Fiddymont',544),(159,'Jery',283),(160,'Flippini',340),(161,'Witham',212),(162,'Peppin',403),(163,'Sim',309),(164,'Goldney',598),(165,'Wrankling',471),(166,'Philippault',577),(167,'Keirle',554),(168,'Klimaszewski',206),(169,'Shorte',534),(170,'Roddan',484),(171,'Dobbs',362),(172,'Aitkenhead',579),(173,'Cryer',268),(174,'Leadbeatter',214),(175,'Borris',378),(176,'Adrian',245),(177,'Sloat',262),(178,'Hulkes',68),(179,'Cabbell',487),(180,'Melledy',315),(181,'Leversuch',506),(182,'Champniss',558),(183,'Kedslie',587),(184,'Winterscale',311),(185,'Achrameev',543),(186,'Darnbrough',297),(187,'Insull',173),(188,'Murkitt',320),(189,'Finding',92),(190,'Redwood',362),(191,'Bushby',214),(192,'Rowlson',189),(193,'Dugdale',595),(194,'Busen',377),(195,'Callacher',527),(196,'Burtwistle',57),(197,'O\'Loinn',68),(198,'McKennan',268),(199,'Bytheway',110),(200,'Follis',363),(201,'Berry',360),(202,'Smaile',82),(203,'Swait',117),(204,'Llop',326),(205,'Sedgmond',488),(206,'Geharke',571),(207,'Ochiltree',253),(208,'Bonifazio',38),(209,'Wardley',153),(210,'Dexter',215),(211,'Bent',270),(212,'Stuke',547),(213,'Drews',32),(214,'Cheng',180),(215,'Taunton.',289),(216,'O\'Loghlen',310),(217,'Barczynski',284),(218,'Ropcke',354),(219,'Lazer',57),(220,'Riste',429),(221,'Denekamp',497),(222,'Calderwood',360),(223,'Shearmur',527),(224,'Walicki',185),(225,'Meriguet',112),(226,'Mulles',297),(227,'Mattiuzzi',3),(228,'Benettini',246),(229,'Parsand',423),(230,'Priter',131),(231,'Elks',430),(232,'McNern',12),(233,'Colvin',318),(234,'Bareford',176),(235,'Denizet',84),(236,'Guiduzzi',240),(237,'Ryce',409),(238,'Olliver',345),(239,'Oda',459),(240,'Dechelette',296),(241,'Boynton',366),(242,'Bream',282),(243,'Klimowicz',216),(244,'Withnall',63),(245,'Godbolt',314),(246,'Babonau',89),(247,'Vedyaev',401),(248,'Deluze',554),(249,'Blackburn',181),(250,'Maving',70),(251,'Memory',449),(252,'Chetter',341),(253,'Rollingson',417),(254,'Elliott',230),(255,'Lamy',405),(256,'Fearfull',556),(257,'Acomb',318),(258,'Costin',564),(259,'Marthen',128),(260,'Rapport',389),(261,'Curnokk',552),(262,'Jankin',54),(263,'Van Arsdalen',281),(264,'Aiken',300),(265,'Renols',53),(266,'Beese',432),(267,'Fozzard',285),(268,'Skeels',476),(269,'Hattigan',432),(270,'Quig',192),(271,'Nutkin',349),(272,'Bernlin',141),(273,'Merrigans',561),(274,'Aizikov',464),(275,'Coronado',15),(276,'Gameson',241),(277,'Imlach',227),(278,'Faircliffe',90),(279,'Farnaby',19),(280,'Cokly',475),(281,'Cameli',25),(282,'Craster',472),(283,'Paraman',342),(284,'Toulson',340),(285,'Iuorio',132),(286,'Eltone',117),(287,'Matherson',38),(288,'Pringle',406),(289,'Haldon',92),(290,'Whittick',478),(291,'Parrot',507),(292,'Purrier',252),(293,'Jayume',191),(294,'Bradman',335),(295,'Ortiger',438),(296,'Mein',575),(297,'Westnedge',466),(298,'Toplin',436),(299,'Grover',64),(300,'Peasee',157),(301,'Grendon',394),(302,'Wenban',436),(303,'Runcieman',571),(304,'Tynan',155),(305,'Sharphouse',543),(306,'Cottey',274),(307,'Lipscomb',238),(308,'Kelbie',511),(309,'Ravilious',116),(310,'Mashal',393),(311,'Cruces',36),(312,'Beran',505),(313,'Snellman',488),(314,'Heymann',592),(315,'Scorton',431),(316,'Rivers',492),(317,'Daviot',467),(318,'Kolczynski',329),(319,'Heinicke',489),(320,'Hickford',264),(321,'Gantzer',17),(322,'Beviss',40),(323,'Ibeson',555),(324,'McCaughran',440),(325,'Sercombe',526),(326,'MacCaffery',324),(327,'Riseborough',421),(328,'Vedenyapin',241),(329,'Geal',77),(330,'Lapides',418),(331,'Cradey',521),(332,'Wigsell',289),(333,'Tattersill',133),(334,'Aslam',231),(335,'Wipfler',139),(336,'Breckenridge',113),(337,'Worstall',132),(338,'Ummfrey',441),(339,'Jenton',18),(340,'Robins',443),(341,'Spadollini',431),(342,'Escoffier',214),(343,'Fetherby',182),(344,'Kubiczek',166),(345,'Fortun',418),(346,'Worsnop',108),(347,'Addington',596),(348,'Stanner',216),(349,'Drinkel',321),(350,'Walentynowicz',445),(351,'Agg',28),(352,'Lambot',152),(353,'Wade',170),(354,'Borleace',200),(355,'McInulty',153),(356,'Greenhow',167),(357,'Pinare',195),(358,'Birdsall',46),(359,'Klainman',62),(360,'Edmondson',317),(361,'Broster',397),(362,'Aspling',216),(363,'Rothera',414),(364,'Slingsby',162),(365,'Jannex',80),(366,'Dockwray',331),(367,'Benley',140),(368,'Slevin',600),(369,'Fairholme',44),(370,'Dudding',209),(371,'Gregoretti',258),(372,'Rippingall',133),(373,'Metzke',234),(374,'Pomphrey',473),(375,'Roycroft',323),(376,'Mullenger',110),(377,'Snugg',95),(378,'Shearwood',276),(379,'Billingsley',204),(380,'Townby',551),(381,'Antonat',540),(382,'Wesley',598),(383,'Filler',249),(384,'Turmall',1),(385,'Whitely',266),(386,'Cheltnam',158),(387,'Carn',411),(388,'Sanbrooke',55),(389,'Luparti',83),(390,'Giorgioni',198),(391,'Hugnin',74),(392,'Impy',43),(393,'McLardie',190),(394,'Heeks',582),(395,'Keen',318),(396,'Foulgham',5),(397,'Colliar',349),(398,'Van Saltsberg',483),(399,'Grinsted',109),(400,'Shitliff',76),(401,'Kingston',179),(402,'Edkins',215),(403,'Rutter',588),(404,'Mandrake',248),(405,'Goldstein',583),(406,'Standbrook',371),(407,'Wilstead',230),(408,'Cabotto',292),(409,'Wivell',181),(410,'Jakaway',297),(411,'Perello',471),(412,'Legonidec',165),(413,'Lumb',485),(414,'Peppard',490),(415,'Hankard',287),(416,'De Giovanni',8),(417,'Larkby',418),(418,'Dodamead',373),(419,'Pharo',325),(420,'Eefting',322),(421,'Clowley',350),(422,'Ply',138),(423,'German',400),(424,'Hume',309),(425,'Galego',279),(426,'Sleightholm',505),(427,'Pinsent',347),(428,'Farquar',50),(429,'Skett',587),(430,'Wiseman',275),(431,'Fillingham',121),(432,'Lawlie',594),(433,'Gremane',80),(434,'Dooler',542),(435,'Plose',55),(436,'Gallahue',252),(437,'Bevans',333),(438,'Whaymand',252),(439,'Marion',573),(440,'Mont',464),(441,'Apedaile',442),(442,'Babbs',280),(443,'Brolan',559),(444,'Lupton',195),(445,'McGrorty',258),(446,'Megainey',394),(447,'Apdell',420),(448,'Gibbett',517),(449,'Dudin',455),(450,'Meneyer',245),(451,'Climie',348),(452,'Glover',228),(453,'Souter',571),(454,'Philipsson',375),(455,'Capey',484),(456,'Malenoir',306),(457,'Camelli',102),(458,'Southey',544),(459,'Berston',234),(460,'Davidsson',130),(461,'Musterd',513),(462,'Affleck',600),(463,'Lunck',341),(464,'Worthing',459),(465,'deKnevet',527),(466,'Allman',461),(467,'Fayerman',580),(468,'Rockcliff',311),(469,'Mowatt',300),(470,'Scoone',316),(471,'Skeldinge',327),(472,'Vlahos',476),(473,'Liveley',545),(474,'Mothersdale',310),(475,'Begley',205),(476,'Oldershaw',214),(477,'McFetrich',290),(478,'Erik',327),(479,'Tipling',375),(480,'Hofton',599),(481,'Maylour',559),(482,'Luten',140),(483,'Mathwin',341),(484,'Waumsley',170),(485,'Vaudrey',462),(486,'Adelberg',480),(487,'Ketchen',410),(488,'Draysay',529),(489,'McCullouch',321),(490,'Bodle',567),(491,'Billion',216),(492,'Kilner',183),(493,'Ovise',123),(494,'Kintish',529),(495,'Knotton',10),(496,'Tomasoni',289),(497,'Dundon',88),(498,'Kocher',590),(499,'Varley',58),(500,'Geke',447);
/*!40000 ALTER TABLE `customers` ENABLE KEYS */;
UNLOCK TABLES;

--
-- Table structure for table `inventory`
--

DROP TABLE IF EXISTS `inventory`;
/*!40101 SET @saved_cs_client     = @@character_set_client */;
/*!50503 SET character_set_client = utf8mb4 */;
CREATE TABLE `inventory` (
  `inventory_id` int NOT NULL,
  `inventory_name` varchar(255) DEFAULT NULL,
  `location_id` int DEFAULT NULL,
  PRIMARY KEY (`inventory_id`),
  KEY `location_id` (`location_id`),
  CONSTRAINT `inventory_ibfk_1` FOREIGN KEY (`location_id`) REFERENCES `locations` (`location_id`)
) ENGINE=InnoDB DEFAULT CHARSET=utf8mb4 COLLATE=utf8mb4_0900_ai_ci;
/*!40101 SET character_set_client = @saved_cs_client */;

--
-- Dumping data for table `inventory`
--

LOCK TABLES `inventory` WRITE;
/*!40000 ALTER TABLE `inventory` DISABLE KEYS */;
INSERT INTO `inventory` VALUES (1,'Bashirian, Watsica and Sporer',128),(2,'Rowe, Larkin and Conn',64),(3,'Treutel, Keeling and Prosacco',315),(4,'Feil Group',174),(5,'Frami, Padberg and Schuppe',206),(6,'Wintheiser LLC',574),(7,'Simonis, Romaguera and Harvey',92),(8,'Jacobson, Bosco and Kub',34),(9,'Feeney Inc',293),(10,'Schuppe, Glover and Heidenreich',480),(11,'Daniel Group',49),(12,'Flatley-Skiles',588),(13,'Kunze-Hahn',63),(14,'Schulist Inc',191),(15,'Olson Inc',60),(16,'Pouros Inc',498),(17,'Wisoky, Gerhold and Skiles',261),(18,'Wolf, Hilll and Turner',113),(19,'Gutkowski-West',63),(20,'Beer-Little',584),(21,'Bashirian LLC',133),(22,'Dicki, Barton and Torphy',498),(23,'Brakus, Emmerich and McLaughlin',440),(24,'Stokes and Sons',185),(25,'Roob-Miller',268),(26,'Mann, Murphy and Yost',503),(27,'Kuhic Group',4),(28,'Sawayn, Hand and Bailey',65),(29,'Wolf, Abbott and Barton',550),(30,'Dooley and Sons',247),(31,'Littel, Schinner and Armstrong',374),(32,'Buckridge Inc',425),(33,'Dickinson LLC',411),(34,'Wilderman, Watsica and Brown',68),(35,'Cummings Group',47),(36,'D\'Amore Inc',62),(37,'Bode-Nienow',553),(38,'Price and Sons',191),(39,'Bruen, Huel and Welch',291),(40,'Conroy and Sons',64);
/*!40000 ALTER TABLE `inventory` ENABLE KEYS */;
UNLOCK TABLES;

--
-- Table structure for table `inventory_stocks`
--

DROP TABLE IF EXISTS `inventory_stocks`;
/*!40101 SET @saved_cs_client     = @@character_set_client */;
/*!50503 SET character_set_client = utf8mb4 */;
CREATE TABLE `inventory_stocks` (
  `inventory_id` int NOT NULL,
  `product_id` int NOT NULL,
  `quantity` int DEFAULT NULL,
  PRIMARY KEY (`inventory_id`,`product_id`),
  KEY `product_id` (`product_id`),
  CONSTRAINT `inventory_stocks_ibfk_1` FOREIGN KEY (`inventory_id`) REFERENCES `inventory` (`inventory_id`),
  CONSTRAINT `inventory_stocks_ibfk_2` FOREIGN KEY (`product_id`) REFERENCES `products` (`product_id`)
) ENGINE=InnoDB DEFAULT CHARSET=utf8mb4 COLLATE=utf8mb4_0900_ai_ci;
/*!40101 SET character_set_client = @saved_cs_client */;

--
-- Dumping data for table `inventory_stocks`
--

LOCK TABLES `inventory_stocks` WRITE;
/*!40000 ALTER TABLE `inventory_stocks` DISABLE KEYS */;
INSERT INTO `inventory_stocks` VALUES (1,3,25),(1,11,23),(1,12,23),(1,21,11),(1,22,11),(1,23,22),(1,27,23),(1,29,45),(1,31,11),(1,32,31),(1,33,12),(1,85,63),(2,11,33),(2,12,11),(2,13,30),(2,16,87),(2,23,32),(2,24,45),(2,31,13),(2,83,17),(2,87,50),(3,2,13),(3,12,21),(3,13,100),(3,16,13),(3,20,10),(3,21,1),(3,31,33),(3,33,10),(3,44,92),(3,46,39),(3,62,57),(3,67,54),(4,3,54),(4,7,100),(4,89,93),(4,100,99),(5,41,76),(5,46,2),(5,53,31),(5,73,21),(5,82,15),(5,86,48),(5,95,79),(6,4,36),(6,57,89),(6,67,62),(6,94,9),(7,37,10),(7,45,59),(7,86,23),(8,23,60),(8,33,13),(8,34,22),(8,62,57),(8,73,93),(8,97,62),(9,3,25),(9,23,4),(9,41,99),(9,42,25),(9,64,62),(10,7,75),(10,11,12),(10,13,1),(10,28,72),(10,30,20),(10,31,21),(10,32,33),(10,55,56),(10,78,99),(11,1,31),(11,10,10),(11,11,21),(11,13,12),(11,16,7),(11,21,11),(11,22,23),(11,23,11),(11,30,21),(11,31,1),(11,33,11),(12,1,22),(12,10,33),(12,11,11),(12,12,31),(12,13,14),(12,20,32),(12,21,13),(12,23,36),(12,25,60),(12,27,76),(12,31,32),(12,33,13),(12,44,92),(12,52,65),(12,53,78),(12,57,90),(12,69,83),(12,81,9),(13,3,31),(13,8,65),(13,11,11),(13,12,1),(13,13,23),(13,21,22),(13,23,3),(13,31,11),(13,33,23),(13,51,12),(13,71,13),(13,88,83),(14,10,65),(14,12,13),(14,15,58),(14,21,80),(14,34,98),(14,35,46),(14,42,32),(14,55,47),(14,94,24),(15,7,73),(15,8,60),(15,64,47),(16,36,66),(16,44,29),(17,11,38),(17,21,32),(17,70,81),(17,78,88),(18,32,75),(18,75,31),(18,77,16),(18,94,12),(19,6,10),(19,12,32),(19,52,76),(19,53,8),(19,76,83),(20,5,35),(20,32,11),(20,33,13),(20,80,78),(21,2,23),(21,22,44),(21,31,21),(21,58,79),(21,61,38),(21,69,38),(21,79,57),(22,9,26),(22,11,52),(22,42,98),(22,43,95),(22,53,64),(23,11,31),(23,38,97),(23,82,30),(23,84,25),(23,88,40),(23,89,6),(24,13,38),(24,16,82),(24,31,42),(24,39,42),(24,55,47),(24,57,24),(24,74,99),(24,89,13),(25,5,86),(25,8,60),(25,9,68),(25,16,83),(25,35,65),(25,45,74),(25,53,62),(25,62,34),(25,78,36),(25,85,15),(25,86,95),(26,3,85),(26,5,8),(26,16,18),(26,18,3),(26,19,7),(26,20,28),(26,36,88),(26,62,34),(26,68,10),(26,69,7),(26,88,35),(27,41,11),(27,50,80),(27,63,57),(27,66,44),(27,90,80),(28,9,24),(28,16,73),(28,26,29),(28,27,36),(28,36,59),(28,40,39),(28,57,66),(28,59,7),(28,64,68),(28,95,48),(28,99,24),(29,22,40),(29,26,57),(29,34,20),(29,44,33),(29,52,54),(29,53,45),(29,61,94),(29,78,84),(29,96,23),(29,97,35),(29,99,35),(30,2,33),(30,5,61),(30,21,11),(30,69,12),(30,83,95),(30,89,94),(31,1,11),(31,4,24),(31,6,82),(31,11,28),(31,12,12),(31,13,11),(31,20,30),(31,21,10),(31,22,56),(31,23,3),(31,25,7),(31,33,12),(31,86,83),(31,87,38),(32,1,13),(32,10,11),(32,13,11),(32,29,70),(32,31,31),(32,32,3),(32,33,22),(32,38,62),(32,41,36),(32,48,59),(32,49,36),(32,61,18),(32,67,86),(32,69,86),(32,72,39),(33,1,21),(33,2,31),(33,5,11),(33,11,21),(33,12,32),(33,13,4),(33,15,100),(33,21,31),(33,32,13),(33,33,58),(33,34,62),(33,43,40),(33,47,44),(33,50,11),(33,53,3),(33,62,57),(33,74,80),(33,84,78),(33,85,41),(34,10,91),(34,17,55),(34,29,71),(34,33,21),(34,55,47),(34,59,47),(34,67,36),(34,83,5),(34,94,40),(34,97,2),(35,13,39),(35,18,93),(35,45,50),(35,55,14),(35,56,54),(35,72,72),(35,85,55),(35,96,46),(36,4,49),(36,7,65),(36,9,47),(36,40,73),(36,43,35),(37,5,54),(37,11,95),(37,25,30),(37,34,62),(37,49,98),(37,53,75),(37,89,56),(37,99,29),(38,26,41),(38,50,95),(38,73,73),(39,3,31),(39,6,82),(39,76,15),(40,91,59);
/*!40000 ALTER TABLE `inventory_stocks` ENABLE KEYS */;
UNLOCK TABLES;

--
-- Table structure for table `locations`
--

DROP TABLE IF EXISTS `locations`;
/*!40101 SET @saved_cs_client     = @@character_set_client */;
/*!50503 SET character_set_client = utf8mb4 */;
CREATE TABLE `locations` (
  `location_id` int NOT NULL,
  `location_name` varchar(255) DEFAULT NULL,
  `location_state` varchar(255) DEFAULT NULL,
  `location_zip` varchar(255) DEFAULT NULL,
  PRIMARY KEY (`location_id`)
) ENGINE=InnoDB DEFAULT CHARSET=utf8mb4 COLLATE=utf8mb4_0900_ai_ci;
/*!40101 SET character_set_client = @saved_cs_client */;

--
-- Dumping data for table `locations`
--

LOCK TABLES `locations` WRITE;
/*!40000 ALTER TABLE `locations` DISABLE KEYS */;
INSERT INTO `locations` VALUES (1,'Accord','Massachusets','2018'),(2,'Acton','Massachusets','1718'),(3,'Acton','Massachusets','1719'),(4,'Acton','Massachusets','1720'),(5,'Acushnet','Massachusets','2743'),(6,'Adams','Massachusets','1220'),(7,'Agawam','Massachusets','1001'),(8,'Amesbury','Massachusets','1913'),(9,'Amherst','Massachusets','1002'),(10,'Amherst','Massachusets','1003'),(11,'Amherst','Massachusets','1004'),(12,'Andover','Massachusets','1810'),(13,'Andover','Massachusets','1812'),(14,'Andover','Massachusets','1899'),(15,'Andover','Massachusets','5544'),(16,'Arlington','Massachusets','2174'),(17,'Arlington Heights','Massachusets','2175'),(18,'Ashburnham','Massachusets','1430'),(19,'Ashburnham','Massachusets','1466'),(20,'Ashby','Massachusets','1431'),(21,'Ashfield','Massachusets','1330'),(22,'Ashland','Massachusets','1721'),(23,'Ashley Falls','Massachusets','1222'),(24,'Assonet','Massachusets','2702'),(25,'Athol','Massachusets','1331'),(26,'Athol','Massachusets','1368'),(27,'Attleboro','Massachusets','2703'),(28,'Auburn','Massachusets','1501'),(29,'Auburndale','Massachusets','2166'),(30,'Avon','Massachusets','2322'),(31,'Ayer','Massachusets','1432'),(32,'Ayer','Massachusets','1433'),(33,'Babson Park','Massachusets','2157'),(34,'Baldwinville','Massachusets','1436'),(35,'Barnstable','Massachusets','2630'),(36,'Barre','Massachusets','1005'),(37,'Becket','Massachusets','1223'),(38,'Bedford','Massachusets','1730'),(39,'Bedford','Massachusets','1731'),(40,'Belchertown','Massachusets','1007'),(41,'Bellingham','Massachusets','2019'),(42,'Belmont','Massachusets','2178'),(43,'Berkshire','Massachusets','1224'),(44,'Berlin','Massachusets','1503'),(45,'Bernardston','Massachusets','1337'),(46,'Beverly','Massachusets','1915'),(47,'Billerica','Massachusets','1821'),(48,'Billerica','Massachusets','1822'),(49,'Blackstone','Massachusets','1504'),(50,'Blandford','Massachusets','1008'),(51,'Bolton','Massachusets','1740'),(52,'Bondsville','Massachusets','1009'),(53,'Boston','Massachusets','2101'),(54,'Boston','Massachusets','2102'),(55,'Boston','Massachusets','2103'),(56,'Boston','Massachusets','2104'),(57,'Boston','Massachusets','2105'),(58,'Boston','Massachusets','2106'),(59,'Boston','Massachusets','2107'),(60,'Boston','Massachusets','2108'),(61,'Boston','Massachusets','2109'),(62,'Boston','Massachusets','2110'),(63,'Boston','Massachusets','2111'),(64,'Boston','Massachusets','2112'),(65,'Boston','Massachusets','2113'),(66,'Boston','Massachusets','2114'),(67,'Boston','Massachusets','2115'),(68,'Boston','Massachusets','2116'),(69,'Boston','Massachusets','2117'),(70,'Boston','Massachusets','2118'),(71,'Boston','Massachusets','2119'),(72,'Boston','Massachusets','2120'),(73,'Boston','Massachusets','2121'),(74,'Boston','Massachusets','2122'),(75,'Boston','Massachusets','2123'),(76,'Boston','Massachusets','2124'),(77,'Boston','Massachusets','2125'),(78,'Boston','Massachusets','2126'),(79,'Boston','Massachusets','2127'),(80,'Boston','Massachusets','2128'),(81,'Boston','Massachusets','2129'),(82,'Boston','Massachusets','2130'),(83,'Boston','Massachusets','2131'),(84,'Boston','Massachusets','2132'),(85,'Boston','Massachusets','2133'),(86,'Boston','Massachusets','2134'),(87,'Boston','Massachusets','2135'),(88,'Boston','Massachusets','2136'),(89,'Boston','Massachusets','2163'),(90,'Boston','Massachusets','2196'),(91,'Boston','Massachusets','2199'),(92,'Boston','Massachusets','2201'),(93,'Boston','Massachusets','2202'),(94,'Boston','Massachusets','2203'),(95,'Boston','Massachusets','2204'),(96,'Boston','Massachusets','2205'),(97,'Boston','Massachusets','2206'),(98,'Boston','Massachusets','2207'),(99,'Boston','Massachusets','2208'),(100,'Boston','Massachusets','2209'),(101,'Boston','Massachusets','2210'),(102,'Boston','Massachusets','2211'),(103,'Boston','Massachusets','2212'),(104,'Boston','Massachusets','2215'),(105,'Boston','Massachusets','2216'),(106,'Boston','Massachusets','2217'),(107,'Boston','Massachusets','2222'),(108,'Boston','Massachusets','2239'),(109,'Boston','Massachusets','2241'),(110,'Boston','Massachusets','2266'),(111,'Boston','Massachusets','2283'),(112,'Boston','Massachusets','2284'),(113,'Boston','Massachusets','2293'),(114,'Boston','Massachusets','2295'),(115,'Boston','Massachusets','2297'),(116,'Boxford','Massachusets','1921'),(117,'Boylston','Massachusets','1505'),(118,'Braintree','Massachusets','2184'),(119,'Braintree','Massachusets','2185'),(120,'Brant Rock','Massachusets','2020'),(121,'Brewster','Massachusets','2631'),(122,'Bridgewater','Massachusets','2324'),(123,'Bridgewater','Massachusets','2325'),(124,'Brimfield','Massachusets','1010'),(125,'Brockton','Massachusets','2301'),(126,'Brockton','Massachusets','2401'),(127,'Brockton','Massachusets','2402'),(128,'Brockton','Massachusets','2403'),(129,'Brockton','Massachusets','2404'),(130,'Brockton','Massachusets','2405'),(131,'Brockton','Massachusets','2411'),(132,'Brockton','Massachusets','2783'),(133,'Brookfield','Massachusets','1506'),(134,'Brookline','Massachusets','2146'),(135,'Brookline Village','Massachusets','2147'),(136,'Bryantville','Massachusets','2327'),(137,'Buckland','Massachusets','1338'),(138,'Burlington','Massachusets','1803'),(139,'Burlington','Massachusets','1805'),(140,'Buzzards Bay','Massachusets','2532'),(141,'Buzzards Bay','Massachusets','2542'),(142,'Byfield','Massachusets','1922'),(143,'Cambridge','Massachusets','2138'),(144,'Cambridge','Massachusets','2139'),(145,'Cambridge','Massachusets','2140'),(146,'Cambridge','Massachusets','2141'),(147,'Cambridge','Massachusets','2142'),(148,'Canton','Massachusets','2021'),(149,'Carlisle','Massachusets','1741'),(150,'Carver','Massachusets','2330'),(151,'Cataumet','Massachusets','2534'),(152,'Centerville','Massachusets','2632'),(153,'Centerville','Massachusets','2636'),(154,'Charlemont','Massachusets','1339'),(155,'Charlemont','Massachusets','1346'),(156,'Charlton','Massachusets','1507'),(157,'Charlton City','Massachusets','1508'),(158,'Charlton Depot','Massachusets','1509'),(159,'Chatham','Massachusets','2633'),(160,'Chelmsford','Massachusets','1824'),(161,'Chelsea','Massachusets','2150'),(162,'Cheshire','Massachusets','1225'),(163,'Chester','Massachusets','1011'),(164,'Chesterfield','Massachusets','1012'),(165,'Chestnut Hill','Massachusets','2167'),(166,'Chicopee','Massachusets','1013'),(167,'Chicopee','Massachusets','1013'),(168,'Chicopee','Massachusets','1014'),(169,'Chicopee','Massachusets','1020'),(170,'Chicopee','Massachusets','1021'),(171,'Chicopee','Massachusets','1022'),(172,'Chilmark','Massachusets','2535'),(173,'Clinton','Massachusets','1510'),(174,'Cohasset','Massachusets','2025'),(175,'Colrain','Massachusets','1340'),(176,'Concord','Massachusets','1742'),(177,'Conway','Massachusets','1341'),(178,'Cotuit','Massachusets','2635'),(179,'Cummaquid','Massachusets','2637'),(180,'Cummington','Massachusets','1026'),(181,'Dalton','Massachusets','1226'),(182,'Dalton','Massachusets','1227'),(183,'Danvers','Massachusets','1923'),(184,'Dedham','Massachusets','2026'),(185,'Dedham','Massachusets','2027'),(186,'Deerfield','Massachusets','1342'),(187,'Dennis','Massachusets','2638'),(188,'Dennis Port','Massachusets','2639'),(189,'Dighton','Massachusets','2715'),(190,'Dover','Massachusets','2030'),(191,'Dracut','Massachusets','1826'),(192,'Drury','Massachusets','1343'),(193,'Dudley','Massachusets','1571'),(194,'Dunstable','Massachusets','1827'),(195,'Duxbury','Massachusets','2331'),(196,'Duxbury','Massachusets','2332'),(197,'East Bridgewater','Massachusets','2333'),(198,'East Brookfield','Massachusets','1515'),(199,'East Dennis','Massachusets','2641'),(200,'East Douglas','Massachusets','1516'),(201,'East Falmouth','Massachusets','2536'),(202,'East Freetown','Massachusets','2717'),(203,'East Longmeadow','Massachusets','1028'),(204,'East Mansfield','Massachusets','2031'),(205,'East Orleans','Massachusets','2643'),(206,'East Otis','Massachusets','1029'),(207,'East Princeton','Massachusets','1517'),(208,'East Sandwich','Massachusets','2537'),(209,'East Taunton','Massachusets','2718'),(210,'East Templeton','Massachusets','1438'),(211,'East Walpole','Massachusets','2032'),(212,'East Wareham','Massachusets','2538'),(213,'East Weymouth','Massachusets','2189'),(214,'Eastham','Massachusets','2642'),(215,'Easthampton','Massachusets','1027'),(216,'Easton','Massachusets','2334'),(217,'Edgartown','Massachusets','2539'),(218,'Elmwood','Massachusets','2337'),(219,'Erving','Massachusets','1344'),(220,'Essex','Massachusets','1929'),(221,'Everett','Massachusets','2149'),(222,'Fairhaven','Massachusets','2719'),(223,'Fall River','Massachusets','2720'),(224,'Fall River','Massachusets','2721'),(225,'Fall River','Massachusets','2722'),(226,'Fall River','Massachusets','2723'),(227,'Fall River','Massachusets','2724'),(228,'Falmouth','Massachusets','2540'),(229,'Falmouth','Massachusets','2541'),(230,'Feeding Hills','Massachusets','1030'),(231,'Fiskdale','Massachusets','1518'),(232,'Fitchburg','Massachusets','1420'),(233,'Florence','Massachusets','1062'),(234,'Forestdale','Massachusets','2644'),(235,'Foxboro','Massachusets','2035'),(236,'Framingham','Massachusets','1701'),(237,'Framingham','Massachusets','1702'),(238,'Framingham','Massachusets','1703'),(239,'Framingham','Massachusets','1704'),(240,'Framingham','Massachusets','1705'),(241,'Franklin','Massachusets','2038'),(242,'Gardner','Massachusets','1440'),(243,'Gardner','Massachusets','1441'),(244,'Gilbertville','Massachusets','1031'),(245,'Glendale','Massachusets','1229'),(246,'Gloucester','Massachusets','1930'),(247,'Gloucester','Massachusets','1931'),(248,'Goshen','Massachusets','1032'),(249,'Grafton','Massachusets','1519'),(250,'Granby','Massachusets','1033'),(251,'Granville','Massachusets','1034'),(252,'Great Barrington','Massachusets','1230'),(253,'Greenfield','Massachusets','1301'),(254,'Greenfield','Massachusets','1301'),(255,'Greenfield','Massachusets','1302'),(256,'Groton','Massachusets','1450'),(257,'Groton','Massachusets','1470'),(258,'Groton','Massachusets','1471'),(259,'Groveland','Massachusets','1834'),(260,'Hadley','Massachusets','1035'),(261,'Halifax','Massachusets','2338'),(262,'Hamilton','Massachusets','1936'),(263,'Hampden','Massachusets','1036'),(264,'Hanover','Massachusets','2339'),(265,'Hanson','Massachusets','2341'),(266,'Hardwick','Massachusets','1037'),(267,'Harvard','Massachusets','1451'),(268,'Harwich','Massachusets','2645'),(269,'Harwich Port','Massachusets','2646'),(270,'Hatfield','Massachusets','1038'),(271,'Hathorne','Massachusets','1937'),(272,'Haverhill','Massachusets','1830'),(273,'Haverhill','Massachusets','1831'),(274,'Haverhill','Massachusets','1832'),(275,'Haverhill','Massachusets','1833'),(276,'Haverhill','Massachusets','1835'),(277,'Haydenville','Massachusets','1039'),(278,'Hingham','Massachusets','2043'),(279,'Hingham','Massachusets','2044'),(280,'Hinsdale','Massachusets','1235'),(281,'Holbrook','Massachusets','2343'),(282,'Holden','Massachusets','1520'),(283,'Holland','Massachusets','1521'),(284,'Holliston','Massachusets','1746'),(285,'Holyoke','Massachusets','1040'),(286,'Holyoke','Massachusets','1041'),(287,'Hopedale','Massachusets','1747'),(288,'Hopkinton','Massachusets','1748'),(289,'Housatonic','Massachusets','1236'),(290,'Hubbardston','Massachusets','1452'),(291,'Hudson','Massachusets','1749'),(292,'Hull','Massachusets','2045'),(293,'Huntington','Massachusets','1050'),(294,'Hyannis','Massachusets','2601'),(295,'Hyannis Port','Massachusets','2647'),(296,'Ipswich','Massachusets','1938'),(297,'Jefferson','Massachusets','1522'),(298,'Kingston','Massachusets','2364'),(299,'Lake Pleasant','Massachusets','1347'),(300,'Lancaster','Massachusets','1523'),(301,'Lanesboro','Massachusets','1237'),(302,'Lawrence','Massachusets','1840'),(303,'Lawrence','Massachusets','1841'),(304,'Lawrence','Massachusets','1842'),(305,'Lawrence','Massachusets','1843'),(306,'Lawrence','Massachusets','1844'),(307,'Lee','Massachusets','1238'),(308,'Lee','Massachusets','1264'),(309,'Leeds','Massachusets','1053'),(310,'Leicester','Massachusets','1524'),(311,'Lenox','Massachusets','1240'),(312,'Lenox Dale','Massachusets','1242'),(313,'Leominster','Massachusets','1453'),(314,'Leverett','Massachusets','1054'),(315,'Lexington','Massachusets','2173'),(316,'Lincoln','Massachusets','1773'),(317,'Linwood','Massachusets','1525'),(318,'Littleton','Massachusets','1460'),(319,'Longmeadow','Massachusets','1106'),(320,'Longmeadow','Massachusets','1116'),(321,'Lowell','Massachusets','1850'),(322,'Lowell','Massachusets','1851'),(323,'Lowell','Massachusets','1852'),(324,'Lowell','Massachusets','1853'),(325,'Lowell','Massachusets','1854'),(326,'Ludlow','Massachusets','1056'),(327,'Lunenburg','Massachusets','1462'),(328,'Lynn','Massachusets','1901'),(329,'Lynn','Massachusets','1902'),(330,'Lynn','Massachusets','1903'),(331,'Lynn','Massachusets','1904'),(332,'Lynn','Massachusets','1905'),(333,'Lynn','Massachusets','1910'),(334,'Lynnfield','Massachusets','1940'),(335,'Malden','Massachusets','2148'),(336,'Manchaug','Massachusets','1526'),(337,'Manchester','Massachusets','1944'),(338,'Manomet','Massachusets','2345'),(339,'Mansfield','Massachusets','2048'),(340,'Marblehead','Massachusets','1945'),(341,'Marion','Massachusets','2738'),(342,'Marlborough','Massachusets','1752'),(343,'Marshfield','Massachusets','2050'),(344,'Marstons Mills','Massachusets','2648'),(345,'Mashpee','Massachusets','2649'),(346,'Mattapoisett','Massachusets','2739'),(347,'Maynard','Massachusets','1754'),(348,'Medfield','Massachusets','2052'),(349,'Medford','Massachusets','2153'),(350,'Medford','Massachusets','2155'),(351,'Medway','Massachusets','2053'),(352,'Melrose','Massachusets','2176'),(353,'Melrose','Massachusets','2177'),(354,'Mendon','Massachusets','1756'),(355,'Menemsha','Massachusets','2552'),(356,'Merrimac','Massachusets','1860'),(357,'Middleboro','Massachusets','2344'),(358,'Middleboro','Massachusets','2346'),(359,'Middleboro','Massachusets','2347'),(360,'Middleboro','Massachusets','2348'),(361,'Middleboro','Massachusets','2349'),(362,'Middlefield','Massachusets','1243'),(363,'Middlesex Essex Gmf','Massachusets','1806'),(364,'Middlesex Essex Gmf','Massachusets','1807'),(365,'Middlesex Essex Gmf','Massachusets','1808'),(366,'Middlesex Essex Gmf','Massachusets','1813'),(367,'Middlesex Essex Gmf','Massachusets','1888'),(368,'Middlesex Essex Gmf','Massachusets','1889'),(369,'Middleton','Massachusets','1949'),(370,'Milford','Massachusets','1757'),(371,'Mill River','Massachusets','1244'),(372,'Millbury','Massachusets','1527'),(373,'Millbury','Massachusets','1586'),(374,'Millis','Massachusets','2054'),(375,'Millville','Massachusets','1529'),(376,'Milton','Massachusets','2186'),(377,'Milton Village','Massachusets','2187'),(378,'Monponsett','Massachusets','2350'),(379,'Monroe Bridge','Massachusets','1350'),(380,'Monson','Massachusets','1057'),(381,'Montague','Massachusets','1351'),(382,'Monterey','Massachusets','1245'),(383,'Monument Beach','Massachusets','2553'),(384,'Nahant','Massachusets','1908'),(385,'Nantucket','Massachusets','2554'),(386,'Nantucket','Massachusets','2564'),(387,'Natick','Massachusets','1760'),(388,'Needham','Massachusets','2192'),(389,'Needham Heights','Massachusets','2194'),(390,'New Bedford','Massachusets','2740'),(391,'New Bedford','Massachusets','2741'),(392,'New Bedford','Massachusets','2742'),(393,'New Bedford','Massachusets','2744'),(394,'New Bedford','Massachusets','2745'),(395,'New Bedford','Massachusets','2746'),(396,'New Braintree','Massachusets','1531'),(397,'Newburyport','Massachusets','1950'),(398,'Newburyport','Massachusets','1951'),(399,'Newburyport','Massachusets','1952'),(400,'Newton Center','Massachusets','2159'),(401,'Newton Highlands','Massachusets','2161'),(402,'Newton Lower Falls','Massachusets','2162'),(403,'Newton Upper Falls','Massachusets','2164'),(404,'Newtonville','Massachusets','2158'),(405,'Newtonville','Massachusets','2160'),(406,'Norfolk','Massachusets','2056'),(407,'North Abington','Massachusets','2351'),(408,'North Adams','Massachusets','1247'),(409,'North Amherst','Massachusets','1059'),(410,'North Andover','Massachusets','1845'),(411,'North Attleboro','Massachusets','2760'),(412,'North Attleboro','Massachusets','2761'),(413,'North Attleboro','Massachusets','2763'),(414,'North Billerica','Massachusets','1862'),(415,'North Brookfield','Massachusets','1535'),(416,'North Carver','Massachusets','2355'),(417,'North Chatham','Massachusets','2650'),(418,'North Chelmsford','Massachusets','1863'),(419,'North Dartmouth','Massachusets','2747'),(420,'North Dighton','Massachusets','2754'),(421,'North Dighton','Massachusets','2764'),(422,'North Eastham','Massachusets','2651'),(423,'North Easton','Massachusets','2356'),(424,'North Easton','Massachusets','2357'),(425,'North Falmouth','Massachusets','2556'),(426,'North Falmouth','Massachusets','2565'),(427,'North Grafton','Massachusets','1536'),(428,'North Hatfield','Massachusets','1066'),(429,'North Oxford','Massachusets','1537'),(430,'North Pembroke','Massachusets','2358'),(431,'North Quincy','Massachusets','2171'),(432,'North Reading','Massachusets','1864'),(433,'North Truro','Massachusets','2652'),(434,'North Uxbridge','Massachusets','1538'),(435,'North Weymouth','Massachusets','2191'),(436,'Northampton','Massachusets','1060'),(437,'Northampton','Massachusets','1061'),(438,'Northampton','Massachusets','1063'),(439,'Northborough','Massachusets','1532'),(440,'Northbridge','Massachusets','1534'),(441,'Northfield','Massachusets','1354'),(442,'Northfield','Massachusets','1360'),(443,'Norton','Massachusets','2766'),(444,'Norwell','Massachusets','2061'),(445,'Norwood','Massachusets','2062'),(446,'Nutting Lake','Massachusets','1865'),(447,'Oak Bluffs','Massachusets','2557'),(448,'Oakdale','Massachusets','1539'),(449,'Oakham','Massachusets','1068'),(450,'Onset','Massachusets','2558'),(451,'Orange','Massachusets','1355'),(452,'Orange','Massachusets','1364'),(453,'Orleans','Massachusets','2653'),(454,'Osterville','Massachusets','2655'),(455,'Otis','Massachusets','1253'),(456,'Oxford','Massachusets','1540'),(457,'Palmer','Massachusets','1069'),(458,'Peabody','Massachusets','1960'),(459,'Peabody','Massachusets','1961'),(460,'Pembroke','Massachusets','2359'),(461,'Pepperell','Massachusets','1463'),(462,'Petersham','Massachusets','1366'),(463,'Pinehurst','Massachusets','1866'),(464,'Pittsfield','Massachusets','1201'),(465,'Pittsfield','Massachusets','1202'),(466,'Pittsfield','Massachusets','1203'),(467,'Plainfield','Massachusets','1070'),(468,'Plainville','Massachusets','2762'),(469,'Plymouth','Massachusets','2360'),(470,'Plymouth','Massachusets','2361'),(471,'Plymouth','Massachusets','2362'),(472,'Plymouth','Massachusets','2363'),(473,'Plympton','Massachusets','2367'),(474,'Pocasset','Massachusets','2559'),(475,'Prides Crossing','Massachusets','1965'),(476,'Princeton','Massachusets','1541'),(477,'Provincetown','Massachusets','2657'),(478,'Quincy','Massachusets','2169'),(479,'Randolph','Massachusets','2368'),(480,'Raynham','Massachusets','2767'),(481,'Raynham Center','Massachusets','2768'),(482,'Reading','Massachusets','1867'),(483,'Readville','Massachusets','2137'),(484,'Rehoboth','Massachusets','2769'),(485,'Revere','Massachusets','2151'),(486,'Richmond','Massachusets','1254'),(487,'Rochdale','Massachusets','1542'),(488,'Rochester','Massachusets','2770'),(489,'Rockland','Massachusets','2370'),(490,'Rockport','Massachusets','1966'),(491,'Rowe','Massachusets','1367'),(492,'Rowley','Massachusets','1969'),(493,'Russell','Massachusets','1071'),(494,'Rutland','Massachusets','1543'),(495,'Sagamore','Massachusets','2561'),(496,'Sagamore Beach','Massachusets','2562'),(497,'Salem','Massachusets','1947'),(498,'Salem','Massachusets','1970'),(499,'Salem','Massachusets','1971'),(500,'Sandisfield','Massachusets','1255'),(501,'Sandwich','Massachusets','2563'),(502,'Saugus','Massachusets','1906'),(503,'Savoy','Massachusets','1256'),(504,'Scituate','Massachusets','2066'),(505,'Seekonk','Massachusets','2771'),(506,'Sharon','Massachusets','2067'),(507,'Shattuckville','Massachusets','1369'),(508,'Sheffield','Massachusets','1257'),(509,'Shelburne Falls','Massachusets','1370'),(510,'Sheldonville','Massachusets','2070'),(511,'Sherborn','Massachusets','1770'),(512,'Shirley','Massachusets','1464'),(513,'Shrewsbury','Massachusets','1545'),(514,'Shrewsbury','Massachusets','1546'),(515,'Shutesbury','Massachusets','1072'),(516,'Somerset','Massachusets','2725'),(517,'Somerset','Massachusets','2726'),(518,'Somerville','Massachusets','2143'),(519,'Somerville','Massachusets','2144'),(520,'Somerville','Massachusets','2145'),(521,'South Barre','Massachusets','1074'),(522,'South Carver','Massachusets','2366'),(523,'South Chatham','Massachusets','2659'),(524,'South Dartmouth','Massachusets','2748'),(525,'South Deerfield','Massachusets','1373'),(526,'South Dennis','Massachusets','2660'),(527,'South Easton','Massachusets','2375'),(528,'South Egremont','Massachusets','1252'),(529,'South Egremont','Massachusets','1258'),(530,'South Grafton','Massachusets','1560'),(531,'South Hadley','Massachusets','1075'),(532,'South Hamilton','Massachusets','1982'),(533,'South Harwich','Massachusets','2661'),(534,'South Lancaster','Massachusets','1561'),(535,'South Lee','Massachusets','1260'),(536,'South Orleans','Massachusets','2662'),(537,'South Walpole','Massachusets','2071'),(538,'South Wellfleet','Massachusets','2663'),(539,'South Weymouth','Massachusets','2190'),(540,'South Yarmouth','Massachusets','2664'),(541,'Southampton','Massachusets','1073'),(542,'Southborough','Massachusets','1745'),(543,'Southborough','Massachusets','1772'),(544,'Southbridge','Massachusets','1550'),(545,'Southfield','Massachusets','1259'),(546,'Southwick','Massachusets','1077'),(547,'Spencer','Massachusets','1562'),(548,'Springfield','Massachusets','1101'),(549,'Springfield','Massachusets','1102'),(550,'Springfield','Massachusets','1103'),(551,'Springfield','Massachusets','1104'),(552,'Springfield','Massachusets','1105'),(553,'Springfield','Massachusets','1107'),(554,'Springfield','Massachusets','1108'),(555,'Springfield','Massachusets','1109'),(556,'Springfield','Massachusets','1111'),(557,'Springfield','Massachusets','1114'),(558,'Springfield','Massachusets','1115'),(559,'Springfield','Massachusets','1118'),(560,'Springfield','Massachusets','1119'),(561,'Springfield','Massachusets','1128'),(562,'Springfield','Massachusets','1129'),(563,'Springfield','Massachusets','1133'),(564,'Springfield','Massachusets','1138'),(565,'Springfield','Massachusets','1139'),(566,'Springfield','Massachusets','1144'),(567,'Springfield','Massachusets','1151'),(568,'Springfield','Massachusets','1152'),(569,'Springfield','Massachusets','1199'),(570,'Sterling','Massachusets','1564'),(571,'Still River','Massachusets','1467'),(572,'Stockbridge','Massachusets','1262'),(573,'Stockbridge','Massachusets','1263'),(574,'Stoneham','Massachusets','2180'),(575,'Stoughton','Massachusets','2072'),(576,'Stow','Massachusets','1775'),(577,'Sturbridge','Massachusets','1566'),(578,'Sudbury','Massachusets','1776'),(579,'Sunderland','Massachusets','1375'),(580,'Swampscott','Massachusets','1907'),(581,'Swansea','Massachusets','2777'),(582,'Taunton','Massachusets','2779'),(583,'Taunton','Massachusets','2780'),(584,'Templeton','Massachusets','1468'),(585,'Tewksbury','Massachusets','1876'),(586,'Thorndike','Massachusets','1079'),(587,'Three Rivers','Massachusets','1080'),(588,'Topsfield','Massachusets','1983'),(589,'Townsend','Massachusets','1469'),(590,'Townsend','Massachusets','1474'),(591,'Truro','Massachusets','2666'),(592,'Turners Falls','Massachusets','1349'),(593,'Turners Falls','Massachusets','1376'),(594,'Tyngsboro','Massachusets','1879'),(595,'Uxbridge','Massachusets','1569'),(596,'Vineyard Haven','Massachusets','2568'),(597,'Vineyard Haven','Massachusets','2573'),(598,'Waban','Massachusets','2168'),(599,'Wakefield','Massachusets','1880'),(600,'Wales','Massachusets','1081'),(601,'Walpole','Massachusets','2081'),(602,'Waltham','Massachusets','2154'),(603,'Ware','Massachusets','1082'),(604,'Wareham','Massachusets','2571'),(605,'Warren','Massachusets','1083'),(606,'Warren','Massachusets','1092'),(607,'Warwick','Massachusets','1378'),(608,'Watertown','Massachusets','2172'),(609,'Watertown','Massachusets','2277'),(610,'Waverley','Massachusets','2179'),(611,'Wayland','Massachusets','1778'),(612,'Webster','Massachusets','1570'),(613,'Wellesley','Massachusets','2181'),(614,'Wellfleet','Massachusets','2667'),(615,'Wendell','Massachusets','1379'),(616,'Wendell Depot','Massachusets','1380'),(617,'Wenham','Massachusets','1984'),(618,'West Barnstable','Massachusets','2668'),(619,'West Boxford','Massachusets','1885'),(620,'West Boylston','Massachusets','1583'),(621,'West Bridgewater','Massachusets','2379'),(622,'West Brookfield','Massachusets','1585'),(623,'West Chatham','Massachusets','2669'),(624,'West Chesterfield','Massachusets','1084'),(625,'West Dennis','Massachusets','2670'),(626,'West Falmouth','Massachusets','2574'),(627,'West Groton','Massachusets','1472'),(628,'West Harwich','Massachusets','2671'),(629,'West Hatfield','Massachusets','1088'),(630,'West Hyannisport','Massachusets','2672'),(631,'West Medford','Massachusets','2156'),(632,'West Newbury','Massachusets','1985'),(633,'West Newton','Massachusets','2165'),(634,'West Springfield','Massachusets','1089'),(635,'West Springfield','Massachusets','1090'),(636,'West Stockbridge','Massachusets','1266'),(637,'West Tisbury','Massachusets','2575'),(638,'West Upton','Massachusets','1568'),(639,'West Upton','Massachusets','1587'),(640,'West Wareham','Massachusets','2576'),(641,'West Yarmouth','Massachusets','2673'),(642,'Westborough','Massachusets','1580'),(643,'Westborough','Massachusets','1581'),(644,'Westborough','Massachusets','1582'),(645,'Westfield','Massachusets','1085'),(646,'Westfield','Massachusets','1086'),(647,'Westford','Massachusets','1886'),(648,'Westminster','Massachusets','1473'),(649,'Weston','Massachusets','2193'),(650,'Westport','Massachusets','2790'),(651,'Westwood','Massachusets','2090'),(652,'Weymouth','Massachusets','2188'),(653,'Whately','Massachusets','1093'),(654,'Wheelwright','Massachusets','1094'),(655,'White Horse Beach','Massachusets','2381'),(656,'Whitinsville','Massachusets','1588'),(657,'Whitman','Massachusets','2382'),(658,'Wilbraham','Massachusets','1095'),(659,'Wilkinsonville','Massachusets','1590'),(660,'Williamsburg','Massachusets','1096'),(661,'Williamstown','Massachusets','1267'),(662,'Wilmington','Massachusets','1887'),(663,'Winchendon','Massachusets','1475'),(664,'Winchendon Springs','Massachusets','1477'),(665,'Winchester','Massachusets','1890'),(666,'Windsor','Massachusets','1270'),(667,'Winthrop','Massachusets','2152'),(668,'Woburn','Massachusets','1801'),(669,'Woburn','Massachusets','1815');
/*!40000 ALTER TABLE `locations` ENABLE KEYS */;
UNLOCK TABLES;

--
-- Table structure for table `orders`
--

DROP TABLE IF EXISTS `orders`;
/*!40101 SET @saved_cs_client     = @@character_set_client */;
/*!50503 SET character_set_client = utf8mb4 */;
CREATE TABLE `orders` (
  `order_id` int NOT NULL,
  `inventory_id` int DEFAULT NULL,
  `order_date` datetime DEFAULT NULL,
  `product_id` int DEFAULT NULL,
  `selling_price` decimal(10,2) DEFAULT NULL,
  `quantity_ordered` int DEFAULT NULL,
  PRIMARY KEY (`order_id`),
  KEY `inventory_id` (`inventory_id`),
  KEY `product_id` (`product_id`),
  CONSTRAINT `orders_ibfk_1` FOREIGN KEY (`inventory_id`) REFERENCES `inventory` (`inventory_id`),
  CONSTRAINT `orders_ibfk_2` FOREIGN KEY (`product_id`) REFERENCES `products` (`product_id`)
) ENGINE=InnoDB DEFAULT CHARSET=utf8mb4 COLLATE=utf8mb4_0900_ai_ci;
/*!40101 SET character_set_client = @saved_cs_client */;

--
-- Dumping data for table `orders`
--

LOCK TABLES `orders` WRITE;
/*!40000 ALTER TABLE `orders` DISABLE KEYS */;
INSERT INTO `orders` VALUES (1,2,'2022-07-02 13:34:56',89,20.74,3),(2,25,'2023-02-25 01:24:32',12,1.54,3),(3,16,'2022-06-15 16:03:08',54,33.45,3),(4,19,'2022-04-19 13:39:25',51,93.05,3),(5,37,'2022-12-26 05:58:54',16,92.72,4),(6,2,'2022-09-12 03:30:52',93,41.61,1),(7,15,'2022-10-30 05:50:46',30,55.23,5),(8,38,'2022-05-20 15:42:57',26,59.37,1),(9,34,'2022-05-17 14:43:40',53,42.17,2),(10,33,'2023-01-06 21:08:52',59,36.92,4),(11,14,'2022-05-20 19:59:56',52,82.68,1),(12,6,'2022-12-23 07:22:49',18,3.84,2),(13,16,'2022-10-09 00:16:18',64,71.20,5),(14,16,'2022-06-22 00:25:39',56,72.52,4),(15,34,'2022-11-15 21:07:39',16,14.04,4),(16,7,'2022-08-28 03:22:32',89,81.57,2),(17,40,'2023-03-04 13:22:39',16,43.30,5),(18,30,'2022-09-18 05:54:10',56,59.77,5),(19,29,'2022-06-02 13:18:28',63,44.37,2),(20,29,'2023-03-01 02:36:35',12,62.80,5),(21,7,'2022-11-16 14:14:12',8,48.69,4),(22,4,'2022-05-14 03:42:12',3,1.81,5),(23,25,'2023-03-20 18:22:20',77,71.35,5),(24,32,'2023-04-04 05:39:50',74,3.74,5),(25,31,'2022-10-22 03:53:11',85,44.76,1),(26,10,'2022-04-24 17:29:08',47,92.31,3),(27,30,'2022-12-02 10:09:44',47,49.13,5),(28,32,'2022-09-11 03:04:33',26,13.37,2),(29,38,'2022-12-26 04:33:57',36,50.04,2),(30,3,'2023-04-04 09:36:02',78,57.22,2),(31,24,'2022-05-27 06:09:06',32,65.62,3),(32,19,'2022-06-15 13:58:17',44,40.63,4),(33,11,'2022-08-15 09:23:10',50,75.82,2),(34,9,'2022-10-09 17:40:22',87,90.97,2),(35,39,'2022-12-15 04:28:40',15,48.97,4),(36,24,'2022-06-28 18:20:06',93,31.86,1),(37,39,'2022-12-30 14:07:32',90,58.41,2),(38,14,'2022-12-09 16:58:23',37,14.88,4),(39,14,'2022-10-06 09:52:46',98,17.83,3),(40,16,'2023-01-25 21:07:56',72,99.20,3),(41,17,'2023-01-28 08:59:04',16,28.83,5),(42,29,'2023-03-22 05:44:01',33,77.00,1),(43,36,'2023-03-05 03:44:44',47,57.34,3),(44,28,'2022-06-17 13:43:06',10,50.02,5),(45,16,'2023-01-17 18:23:45',29,4.94,4),(46,18,'2022-09-01 13:32:33',85,63.64,2),(47,8,'2023-04-01 20:39:00',50,39.69,3),(48,23,'2022-12-18 09:05:36',51,2.92,2),(49,37,'2022-07-10 05:34:43',76,95.92,2),(50,19,'2022-08-28 02:35:26',15,13.88,5),(51,12,'2022-07-24 12:11:42',33,78.54,1),(52,2,'2022-12-28 06:49:54',74,49.22,1),(53,30,'2022-12-08 18:10:17',24,66.79,2),(54,9,'2022-10-07 16:29:32',51,87.65,5),(55,7,'2022-12-08 14:08:09',79,78.27,2),(56,35,'2023-03-11 16:59:18',99,55.24,2),(57,39,'2022-10-08 09:22:29',44,28.02,1),(58,11,'2023-03-15 06:42:00',21,91.15,4),(59,33,'2023-03-17 22:20:18',9,12.36,5),(60,36,'2023-04-11 21:26:28',98,95.32,2),(61,34,'2022-05-28 17:11:56',11,38.88,3),(62,14,'2023-02-06 19:41:26',73,34.85,5),(63,2,'2022-10-15 21:21:07',97,42.13,1),(64,21,'2023-02-20 15:38:25',26,54.70,4),(65,30,'2023-04-06 12:54:53',41,55.23,1),(66,10,'2022-10-05 13:19:25',9,52.82,1),(67,28,'2023-04-08 00:58:10',10,20.98,5),(68,23,'2022-08-07 04:27:36',44,88.35,5),(69,32,'2022-08-18 23:48:16',83,52.59,3),(70,32,'2022-08-01 03:13:38',21,76.88,4),(71,25,'2022-10-08 01:37:14',7,73.45,3),(72,17,'2022-09-18 05:23:46',2,11.11,2),(73,8,'2022-08-08 23:40:58',50,65.65,2),(74,5,'2022-12-17 15:40:20',85,19.41,2),(75,28,'2022-09-25 23:41:48',14,86.26,2),(76,37,'2022-05-12 01:41:00',28,9.14,4),(77,30,'2023-01-02 19:39:09',33,45.00,5),(78,25,'2022-05-26 17:59:32',13,55.33,5),(79,15,'2022-10-01 17:31:27',73,56.08,4),(80,20,'2022-05-03 17:48:35',96,89.92,2),(81,5,'2022-10-25 09:06:39',57,41.16,3),(82,12,'2022-08-07 07:34:54',22,44.37,1),(83,19,'2022-04-28 08:13:04',96,65.18,1),(84,25,'2022-05-23 16:59:15',69,70.81,4),(85,10,'2022-09-15 17:45:59',7,75.49,2),(86,27,'2022-11-01 09:20:47',12,66.42,3),(87,12,'2022-08-09 05:02:26',64,73.69,5),(88,8,'2022-08-04 09:44:47',55,99.81,2),(89,11,'2022-04-23 10:46:58',96,35.32,4),(90,34,'2023-04-01 08:00:00',63,62.07,3),(91,14,'2022-10-15 15:32:30',63,31.13,2),(92,6,'2022-05-28 06:24:41',29,80.76,5),(93,26,'2022-08-03 12:03:46',26,15.65,1),(94,26,'2022-09-20 06:59:10',36,45.55,2),(95,16,'2022-09-11 21:48:15',64,48.86,5),(96,12,'2023-04-03 02:05:30',58,22.34,1),(97,21,'2022-08-10 03:03:00',59,98.22,2),(98,16,'2022-09-01 01:50:46',12,61.53,2),(99,37,'2023-01-21 21:11:05',23,70.73,4),(100,11,'2023-03-27 07:21:34',86,14.17,2),(101,13,'2023-02-02 02:32:32',39,25.79,1),(102,10,'2023-04-11 11:54:06',52,99.36,5),(103,36,'2022-06-20 19:27:59',14,50.65,3),(104,11,'2022-11-25 17:17:12',26,58.33,1),(105,13,'2023-02-19 01:20:08',40,49.50,5),(106,2,'2022-07-23 02:52:41',89,56.54,4),(107,38,'2022-07-23 21:58:51',62,15.35,4),(108,39,'2023-02-18 04:42:56',4,32.81,1),(109,16,'2022-11-25 03:35:42',2,91.83,5),(110,3,'2022-12-15 15:47:11',71,58.83,2),(111,40,'2022-05-26 11:12:05',88,28.99,4),(112,34,'2023-01-31 04:48:38',92,26.98,5),(113,19,'2023-02-12 07:47:39',16,93.95,2),(114,10,'2022-08-14 00:20:50',87,66.94,1),(115,17,'2023-04-01 13:51:58',12,95.67,2),(116,11,'2022-12-30 08:15:33',39,94.09,1),(117,16,'2022-06-18 13:28:35',8,75.70,3),(118,29,'2022-08-14 03:27:15',37,27.15,5),(119,30,'2022-04-29 17:43:02',9,9.02,1),(120,4,'2022-11-07 17:36:54',64,66.76,1),(121,33,'2023-03-28 03:14:47',31,57.62,3),(122,2,'2022-09-20 06:49:29',12,65.90,2),(123,19,'2022-05-19 22:07:49',6,73.48,3),(124,10,'2022-09-21 16:40:51',3,94.77,3),(125,29,'2022-05-11 12:51:01',73,26.55,2),(126,4,'2022-05-15 23:45:57',8,92.25,5),(127,17,'2022-10-17 03:06:32',83,79.94,1),(128,7,'2023-04-05 11:40:49',80,25.44,5),(129,3,'2023-01-06 01:56:47',27,45.42,2),(130,26,'2022-05-11 20:16:57',70,94.24,4),(131,11,'2022-09-02 22:07:32',5,56.26,5),(132,33,'2022-12-21 15:31:26',30,59.06,1),(133,3,'2022-10-29 19:59:56',18,12.13,2),(134,32,'2022-09-23 04:57:22',86,61.34,2),(135,14,'2022-04-28 16:21:00',86,69.62,2),(136,20,'2022-05-14 03:54:09',70,25.27,5),(137,20,'2022-05-31 08:21:26',90,37.65,4),(138,13,'2022-09-11 20:42:50',41,3.18,3),(139,4,'2022-08-25 11:17:08',32,79.11,2),(140,6,'2022-07-13 08:40:09',39,4.15,4),(141,19,'2022-09-17 19:45:31',100,31.82,5),(142,21,'2022-04-15 07:28:06',21,48.92,5),(143,9,'2022-09-10 08:59:25',73,89.70,2),(144,18,'2022-08-02 12:56:38',66,61.72,2),(145,17,'2022-07-21 07:30:46',74,5.54,5),(146,5,'2022-09-05 01:37:06',56,90.06,5),(147,20,'2022-11-25 10:16:39',44,17.32,3),(148,27,'2022-09-28 23:16:05',95,99.13,5),(149,15,'2023-01-18 07:34:02',63,81.88,5),(150,23,'2022-09-02 20:24:50',22,87.06,5),(151,25,'2022-05-22 08:12:00',60,79.17,1),(152,16,'2022-11-09 20:00:14',30,56.94,2),(153,6,'2023-04-10 16:03:44',67,3.49,2),(154,35,'2023-01-06 05:02:05',94,92.91,1),(155,1,'2022-12-13 22:00:42',24,64.65,5),(156,27,'2022-06-25 22:59:28',97,45.41,2),(157,18,'2023-01-08 04:08:48',54,19.11,5),(158,29,'2022-11-09 05:10:36',79,76.73,3),(159,33,'2022-07-28 23:12:13',87,85.19,5),(160,19,'2022-04-26 16:01:55',60,80.93,4),(161,1,'2022-11-15 14:40:24',32,8.68,1),(162,14,'2022-06-25 22:12:21',45,81.59,3),(163,5,'2023-02-12 00:07:49',63,95.97,5),(164,27,'2022-09-01 13:48:00',54,64.83,3),(165,3,'2023-01-22 00:21:38',51,58.18,3),(166,23,'2022-12-05 19:19:07',48,12.41,1),(167,27,'2022-04-29 11:58:48',22,8.58,2),(168,31,'2023-02-22 18:28:29',15,69.27,3),(169,10,'2022-07-17 19:24:27',60,6.57,1),(170,20,'2022-10-29 09:01:48',9,23.18,3),(171,39,'2022-05-31 15:31:25',4,99.41,1),(172,9,'2022-12-29 14:28:12',93,21.03,1),(173,11,'2022-08-06 22:08:14',77,77.05,3),(174,37,'2022-07-06 00:32:45',98,21.49,5),(175,22,'2022-06-07 05:39:36',41,64.97,4),(176,22,'2022-12-24 05:37:23',92,80.62,3),(177,40,'2022-05-22 19:35:54',26,37.89,1),(178,22,'2022-06-24 08:01:17',11,14.60,5),(179,18,'2022-08-02 06:46:03',1,74.68,4),(180,25,'2022-10-09 08:40:49',49,99.36,3),(181,34,'2023-04-07 03:32:10',23,61.47,2),(182,30,'2023-01-26 19:19:55',30,47.53,2),(183,21,'2022-05-16 14:16:40',66,68.72,3),(184,36,'2023-01-02 14:17:53',4,66.62,3),(185,12,'2022-09-16 17:49:10',95,93.80,5),(186,16,'2022-06-26 14:24:33',65,29.41,1),(187,14,'2023-03-31 15:32:18',99,70.34,1),(188,10,'2022-06-26 15:26:04',40,40.04,2),(189,14,'2022-12-09 13:02:28',32,11.03,1),(190,35,'2022-08-22 08:48:53',66,31.11,4),(191,10,'2022-08-05 15:16:54',4,95.16,2),(192,35,'2023-04-14 09:39:21',36,29.61,2),(193,32,'2022-07-11 11:06:30',16,93.45,4),(194,5,'2023-04-05 03:58:50',89,45.62,3),(195,25,'2022-05-31 03:03:59',48,13.43,3),(196,34,'2022-10-30 10:52:30',50,89.89,4),(197,20,'2022-04-21 07:01:56',67,81.97,1),(198,38,'2023-01-17 20:18:02',8,67.40,2),(199,6,'2022-09-24 07:06:31',72,34.75,1),(200,30,'2022-08-23 06:05:28',15,31.01,3),(201,34,'2022-06-14 01:18:41',7,13.79,5),(202,10,'2023-02-06 17:33:13',36,68.92,3),(203,28,'2022-05-14 19:04:49',58,53.95,2),(204,16,'2022-12-21 22:23:54',83,67.80,3),(205,1,'2022-10-22 11:00:50',34,41.28,4),(206,10,'2022-08-18 20:34:32',78,41.74,2),(207,38,'2023-02-20 22:11:03',64,99.50,5),(208,18,'2022-06-13 10:27:52',96,16.69,3),(209,38,'2023-03-02 22:21:48',87,53.03,5),(210,24,'2023-01-18 08:56:41',48,36.50,5),(211,6,'2022-08-10 03:04:31',21,68.98,2),(212,37,'2022-10-28 02:10:39',83,68.07,3),(213,40,'2022-06-11 01:43:53',79,46.20,2),(214,28,'2022-09-04 15:51:32',85,90.40,4),(215,1,'2022-11-27 23:03:24',2,67.51,2),(216,8,'2022-10-04 20:12:24',76,9.33,1),(217,9,'2022-08-21 11:21:19',78,36.47,5),(218,30,'2022-08-30 18:25:03',33,38.26,1),(219,3,'2022-10-01 13:21:43',97,93.61,1),(220,3,'2022-11-15 23:46:51',7,78.02,1),(221,21,'2022-12-01 10:58:37',65,74.60,1),(222,17,'2022-12-31 08:38:50',94,93.89,2),(223,13,'2022-08-07 15:33:32',12,62.38,4),(224,23,'2023-03-08 23:19:11',16,19.21,5),(225,4,'2023-01-05 20:38:31',21,36.86,3),(226,31,'2022-09-27 03:13:52',23,51.94,3),(227,8,'2022-11-11 01:14:09',46,12.07,2),(228,5,'2022-07-12 01:48:44',38,67.35,2),(229,1,'2023-03-05 07:40:41',94,93.84,2),(230,18,'2023-04-10 03:17:56',91,83.79,1),(231,13,'2023-02-02 11:03:08',10,80.26,1),(232,15,'2022-05-10 11:46:52',22,3.05,5),(233,36,'2022-12-04 23:53:39',82,49.46,4),(234,15,'2022-10-09 17:46:04',20,81.65,4),(235,35,'2023-03-07 23:44:32',54,43.61,2),(236,36,'2022-07-24 01:30:59',76,58.29,1),(237,4,'2022-08-09 21:07:43',16,7.23,4),(238,10,'2023-03-18 09:07:03',75,74.40,4),(239,2,'2023-02-19 23:07:27',58,82.48,5),(240,1,'2022-04-30 02:12:42',97,68.96,4),(241,19,'2022-05-27 15:02:33',68,10.36,5),(242,5,'2023-02-25 09:22:40',37,43.52,2),(243,27,'2023-02-17 18:59:00',100,21.48,4),(244,28,'2022-06-27 15:13:33',20,50.79,5),(245,16,'2022-04-23 10:22:34',15,24.22,3),(246,3,'2022-12-13 21:24:03',99,71.73,2),(247,24,'2022-12-15 16:27:23',28,74.09,2),(248,28,'2022-08-25 11:38:00',61,32.13,1),(249,30,'2022-10-26 19:26:54',45,18.49,4),(250,13,'2022-06-26 03:15:49',74,96.80,5),(251,20,'2023-01-08 12:47:37',86,29.16,5),(252,35,'2022-09-14 08:37:12',5,12.01,2),(253,15,'2023-04-02 21:09:07',91,67.37,1),(254,3,'2022-09-16 21:50:54',69,70.59,3),(255,34,'2022-08-11 03:22:16',80,8.80,5),(256,28,'2022-05-27 07:42:34',54,51.68,2),(257,28,'2022-12-19 10:58:46',41,35.20,2),(258,4,'2022-05-02 12:33:34',58,67.34,4),(259,34,'2022-10-25 13:50:54',28,73.88,2),(260,24,'2023-01-19 11:31:59',69,65.84,5),(261,24,'2022-11-28 10:14:33',64,39.37,3),(262,36,'2022-12-11 16:22:59',8,60.64,2),(263,4,'2022-06-07 15:23:48',62,45.95,1),(264,6,'2022-04-22 13:47:20',7,92.67,3),(265,19,'2023-03-31 07:24:34',35,64.17,2),(266,11,'2022-08-26 12:46:05',18,77.99,1),(267,5,'2022-07-27 04:59:44',4,18.84,5),(268,11,'2023-03-31 03:34:12',40,30.11,4),(269,19,'2022-05-23 09:18:07',61,30.49,5),(270,32,'2022-08-22 13:41:57',16,28.20,3),(271,10,'2022-09-13 11:31:56',53,5.97,1),(272,31,'2022-12-02 03:06:07',74,29.45,3),(273,19,'2022-09-04 14:48:22',52,74.67,5),(274,4,'2022-06-14 20:47:30',84,89.28,5),(275,11,'2022-12-01 08:34:50',61,9.93,4),(276,17,'2023-03-04 23:58:50',60,92.65,4),(277,16,'2022-06-28 23:09:13',62,71.71,2),(278,13,'2023-03-16 18:16:09',81,79.87,2),(279,7,'2022-08-09 19:47:25',44,1.50,3),(280,7,'2023-01-31 11:23:17',89,85.04,1),(281,32,'2022-12-07 09:23:07',93,41.38,3),(282,24,'2023-02-17 23:33:31',84,43.42,5),(283,32,'2022-06-05 04:27:45',1,21.15,2),(284,22,'2022-10-12 13:35:35',17,95.40,3),(285,18,'2022-06-14 13:53:21',87,92.73,2),(286,3,'2022-06-10 06:38:54',33,48.77,4),(287,1,'2022-11-23 22:20:46',89,51.32,4),(288,13,'2023-01-24 19:36:56',32,77.90,1),(289,24,'2023-04-09 02:40:38',60,43.54,2),(290,22,'2022-06-16 10:32:40',64,40.90,4),(291,10,'2023-01-09 03:04:52',1,15.24,3),(292,22,'2022-05-13 05:42:02',58,22.47,2),(293,13,'2022-12-11 12:18:19',24,77.62,4),(294,33,'2022-06-22 22:27:10',57,82.53,1),(295,26,'2022-12-18 18:49:27',95,65.20,5),(296,32,'2022-09-22 02:08:11',61,87.99,3),(297,20,'2023-01-30 02:39:38',15,58.92,2),(298,35,'2022-06-17 20:43:02',25,79.66,1),(299,28,'2022-07-18 22:47:24',65,99.60,5),(300,20,'2022-10-26 10:36:49',20,56.82,3),(301,1,'2022-11-13 04:19:46',37,78.19,2),(302,4,'2022-10-20 18:24:50',47,90.53,4),(303,12,'2023-03-14 05:55:55',4,29.24,4),(304,10,'2022-10-01 08:18:15',63,37.29,3),(305,5,'2023-01-03 09:09:43',90,26.18,4),(306,35,'2023-02-21 01:06:40',41,54.09,1),(307,18,'2023-04-03 18:15:10',37,57.86,5),(308,15,'2022-09-13 02:15:28',81,30.32,4),(309,37,'2023-03-19 11:47:56',49,16.74,3),(310,13,'2022-06-04 13:13:43',33,27.07,4),(311,31,'2022-10-24 04:53:08',57,22.00,5),(312,15,'2022-11-10 06:20:19',71,41.19,3),(313,37,'2022-10-02 01:38:11',71,36.92,1),(314,33,'2023-02-01 04:45:09',32,79.45,5),(315,24,'2022-06-06 13:02:51',49,35.55,3),(316,23,'2023-01-16 00:17:11',44,28.55,3),(317,37,'2022-10-03 05:11:32',60,8.96,5),(318,38,'2022-05-30 22:01:29',20,54.42,4),(319,1,'2023-01-18 10:43:47',73,98.15,2),(320,30,'2022-05-25 05:05:29',61,31.82,2),(321,27,'2023-01-08 16:02:32',24,77.38,5),(322,31,'2022-05-11 15:57:01',45,18.52,4),(323,29,'2022-07-19 00:33:30',53,12.15,4),(324,12,'2023-01-11 09:14:14',60,51.00,5),(325,21,'2023-02-10 14:09:13',52,27.11,2),(326,33,'2023-03-19 23:48:25',91,28.19,2),(327,36,'2022-07-27 12:39:39',72,55.10,2),(328,2,'2022-08-14 06:15:38',55,88.65,5),(329,11,'2023-01-29 07:06:34',52,17.81,2),(330,19,'2022-10-19 09:45:55',20,89.98,4),(331,35,'2022-06-15 21:50:28',51,54.02,2),(332,13,'2022-10-08 22:09:33',18,61.98,3),(333,30,'2023-03-05 03:00:36',20,17.04,1),(334,33,'2022-10-29 13:43:04',25,93.61,4),(335,6,'2022-07-06 22:21:44',58,46.25,1),(336,10,'2022-09-29 19:38:54',75,93.54,3),(337,13,'2023-01-02 10:58:34',67,63.22,1),(338,36,'2022-12-04 19:28:56',50,88.72,1),(339,14,'2023-03-06 01:11:17',89,81.77,2),(340,23,'2022-12-01 16:34:18',37,61.15,4),(341,35,'2022-12-28 18:49:22',15,73.31,5),(342,25,'2022-04-24 18:14:09',71,89.09,1),(343,19,'2022-08-02 12:41:51',44,67.34,3),(344,9,'2022-09-23 12:51:30',48,49.31,2),(345,2,'2022-11-09 14:45:12',59,2.71,1),(346,24,'2022-12-20 20:01:47',63,48.65,2),(347,37,'2023-02-22 05:07:29',60,58.11,3),(348,28,'2022-04-29 08:47:18',47,21.14,2),(349,2,'2022-10-24 14:16:37',35,1.71,3),(350,39,'2022-09-14 16:08:47',87,50.99,5),(351,20,'2022-04-16 00:39:01',26,43.30,4),(352,4,'2022-08-31 03:05:17',75,54.35,1),(353,14,'2023-01-05 17:26:40',72,31.95,1),(354,15,'2022-04-17 06:07:28',17,66.72,1),(355,7,'2023-04-02 20:50:45',21,35.02,4),(356,34,'2023-01-22 23:36:22',52,27.20,1),(357,3,'2023-01-19 02:59:56',26,24.87,5),(358,3,'2023-04-07 02:18:42',29,43.47,2),(359,36,'2022-08-20 21:22:54',40,24.93,4),(360,3,'2022-06-02 22:39:58',14,94.76,1),(361,12,'2022-09-03 12:09:52',84,62.72,1),(362,15,'2023-02-08 10:34:50',49,73.08,2),(363,22,'2022-12-23 11:22:56',44,6.07,5),(364,12,'2022-04-17 01:29:54',79,56.36,1),(365,30,'2023-01-12 01:18:00',11,9.43,4),(366,27,'2022-08-26 14:21:12',51,80.70,1),(367,31,'2022-09-28 05:16:40',98,79.02,3),(368,33,'2022-10-14 19:50:00',80,46.27,5),(369,35,'2023-01-12 02:44:34',53,1.19,1),(370,15,'2022-08-22 17:37:04',98,79.27,3),(371,5,'2022-12-29 01:10:33',27,63.80,5),(372,20,'2022-10-24 03:33:05',47,94.36,2),(373,25,'2022-12-18 09:49:07',97,31.29,2),(374,20,'2022-09-12 20:51:14',82,31.26,3),(375,19,'2023-02-02 13:19:03',29,2.60,3),(376,23,'2022-08-05 19:22:03',96,61.92,3),(377,16,'2022-06-07 14:08:46',43,41.60,4),(378,21,'2023-04-02 21:05:38',54,83.74,5),(379,37,'2023-02-10 09:40:44',5,57.62,2),(380,30,'2022-10-31 15:26:18',88,34.98,3),(381,6,'2023-01-01 15:04:52',74,51.27,1),(382,40,'2022-07-07 15:33:13',68,83.41,2),(383,39,'2022-12-04 01:02:43',37,60.52,3),(384,18,'2022-06-20 12:59:45',42,25.31,4),(385,25,'2022-12-12 19:44:52',71,85.05,4),(386,22,'2022-08-10 12:21:06',28,13.58,2),(387,38,'2022-11-01 20:14:29',92,92.28,4),(388,15,'2022-10-01 15:29:25',31,87.20,1),(389,33,'2023-01-22 16:17:19',36,85.69,1),(390,13,'2023-01-20 05:16:26',89,54.39,5),(391,14,'2022-07-27 21:49:18',14,11.28,1),(392,1,'2023-03-27 16:01:31',94,84.38,4),(393,36,'2022-04-17 22:19:57',25,6.41,1),(394,11,'2022-12-28 16:42:22',26,27.32,5),(395,15,'2022-07-15 14:27:32',67,83.66,5),(396,11,'2023-02-11 17:06:37',98,81.24,3),(397,15,'2023-03-07 20:40:46',18,78.43,1),(398,2,'2022-09-26 13:06:32',83,8.50,2),(399,12,'2022-11-13 06:45:07',98,72.54,5),(400,24,'2023-03-21 14:16:21',26,64.35,4),(401,1,'2022-10-23 02:12:42',22,4.66,3),(402,1,'2022-10-25 02:21:20',30,65.22,2),(403,10,'2022-08-24 10:59:46',15,10.73,4),(404,5,'2022-10-19 03:13:10',60,26.00,1),(405,6,'2022-08-15 13:30:16',16,43.40,5),(406,22,'2022-07-08 23:51:18',73,15.46,3),(407,16,'2022-10-19 18:20:55',39,45.26,4),(408,16,'2023-03-06 02:23:33',68,65.99,3),(409,40,'2022-10-07 11:14:16',2,57.53,3),(410,30,'2022-09-24 09:56:49',89,26.18,2),(411,5,'2022-05-20 12:37:39',99,86.51,1),(412,8,'2022-09-07 10:45:40',70,78.95,2),(413,3,'2023-02-26 01:57:38',23,42.33,4),(414,38,'2023-01-02 21:50:31',39,29.62,3),(415,24,'2022-07-26 20:38:47',100,10.22,2),(416,24,'2022-05-16 18:03:29',36,91.32,3),(417,24,'2023-04-13 12:01:23',56,51.05,2),(418,40,'2023-02-13 06:10:55',96,42.01,2),(419,38,'2023-01-12 05:01:59',57,98.52,2),(420,5,'2022-05-13 17:13:45',45,72.18,4),(421,1,'2023-02-21 00:19:15',2,42.58,5),(422,7,'2023-01-21 06:28:03',61,52.80,2),(423,31,'2022-12-28 04:21:49',14,22.85,4),(424,3,'2022-12-10 08:24:32',27,11.23,3),(425,36,'2023-04-13 07:20:12',39,82.59,5),(426,6,'2022-07-23 23:57:04',18,78.36,5),(427,13,'2022-08-18 11:09:18',55,49.18,5),(428,20,'2022-10-23 00:12:19',13,44.50,1),(429,13,'2022-08-08 16:18:24',14,49.77,4),(430,12,'2022-08-05 20:37:21',80,38.80,2),(431,33,'2023-03-27 09:34:55',55,65.39,1),(432,36,'2022-04-27 18:26:00',67,12.62,2),(433,2,'2022-05-14 17:33:38',73,58.58,5),(434,33,'2022-04-18 12:15:37',76,38.92,5),(435,3,'2023-02-19 01:56:28',23,92.35,3),(436,37,'2022-05-10 14:51:19',32,18.27,4),(437,38,'2022-10-10 14:17:50',71,21.96,5),(438,10,'2022-08-07 02:00:27',67,79.66,5),(439,33,'2023-03-15 04:34:27',47,56.84,5),(440,26,'2023-01-17 21:01:20',81,35.27,3),(441,32,'2022-12-26 02:40:29',94,34.56,1),(442,15,'2022-08-21 10:59:07',31,33.97,1),(443,25,'2023-02-09 13:59:58',90,18.91,5),(444,27,'2022-08-07 05:33:56',82,97.85,3),(445,17,'2023-01-10 02:34:46',18,5.14,5),(446,33,'2022-06-08 14:28:59',27,53.63,3),(447,2,'2022-11-11 01:37:15',37,87.73,4),(448,4,'2023-03-08 04:24:47',37,96.83,1),(449,1,'2022-06-18 11:36:10',13,76.58,4),(450,1,'2022-11-19 02:28:08',11,97.43,4),(451,22,'2022-11-27 04:51:37',73,63.85,2),(452,38,'2022-04-22 18:11:40',77,52.50,3),(453,13,'2022-05-19 11:53:53',90,97.19,5),(454,39,'2022-10-19 10:15:22',10,88.80,5),(455,28,'2022-08-28 11:08:40',88,93.13,1),(456,1,'2022-09-19 17:02:17',62,9.44,2),(457,31,'2022-05-08 05:52:42',72,92.93,2),(458,30,'2022-05-14 04:06:55',84,6.27,5),(459,13,'2022-06-03 22:59:44',98,49.02,5),(460,2,'2022-06-25 17:05:44',13,93.54,1),(461,40,'2022-12-01 02:11:48',46,27.30,3),(462,21,'2023-01-05 16:34:32',24,40.48,1),(463,38,'2022-10-17 01:08:04',1,84.26,5),(464,16,'2022-10-19 15:32:55',96,61.04,5),(465,16,'2023-03-27 22:29:25',31,52.35,5),(466,8,'2022-10-05 20:37:24',15,73.71,5),(467,22,'2023-02-20 03:52:25',91,64.73,5),(468,20,'2022-09-26 12:12:18',98,34.52,4),(469,5,'2022-07-14 21:02:41',46,87.91,3),(470,20,'2022-05-20 21:16:37',40,6.35,4),(471,32,'2023-04-12 03:40:25',4,10.32,2),(472,14,'2022-07-27 01:04:13',44,39.02,4),(473,30,'2022-08-01 21:01:03',80,80.62,2),(474,8,'2022-12-24 17:47:07',53,6.03,1),(475,13,'2022-09-11 21:51:45',67,7.66,2),(476,21,'2022-06-08 02:01:37',72,46.51,5),(477,30,'2022-05-24 13:16:58',22,94.18,4),(478,7,'2022-12-20 01:20:13',89,86.36,2),(479,1,'2022-12-18 02:26:41',27,5.86,5),(480,5,'2022-07-22 06:03:37',47,11.86,4),(481,7,'2022-05-27 11:13:42',18,10.83,3),(482,31,'2022-10-19 22:29:11',18,99.80,3),(483,19,'2022-11-18 20:16:28',22,52.60,2),(484,6,'2022-04-18 02:41:21',90,16.76,1),(485,4,'2022-11-19 13:26:30',100,63.93,4),(486,1,'2023-01-20 02:17:28',78,13.66,3),(487,6,'2022-10-29 18:11:14',1,17.81,2),(488,34,'2022-08-09 10:31:22',81,12.61,3),(489,29,'2023-02-13 11:32:49',35,28.58,1),(490,32,'2023-02-05 22:37:29',53,8.30,3),(491,24,'2023-04-07 12:45:51',79,94.12,1),(492,10,'2022-09-25 12:35:44',40,96.01,2),(493,16,'2023-03-31 00:50:15',68,83.48,3),(494,17,'2022-09-16 08:59:49',71,82.42,5),(495,22,'2022-11-18 18:09:17',86,56.03,5),(496,31,'2022-12-23 10:13:27',36,61.33,5),(497,16,'2023-01-27 17:18:19',97,87.70,3),(498,20,'2022-05-21 04:15:07',60,86.56,2),(499,24,'2022-07-11 21:26:21',85,97.04,5),(500,4,'2022-12-04 12:50:35',63,94.77,1),(501,36,'2023-04-08 22:57:41',26,98.58,4),(502,37,'2023-03-08 15:20:46',36,67.08,4),(503,40,'2022-10-11 16:54:41',78,75.48,2),(504,23,'2022-08-12 08:29:29',84,21.39,1),(505,17,'2023-04-04 16:02:08',20,96.09,3),(506,11,'2022-12-30 07:18:43',87,94.83,1),(507,9,'2023-02-08 15:35:37',9,78.05,2),(508,7,'2023-01-03 12:42:15',66,11.03,5),(509,23,'2023-01-22 08:00:43',51,74.14,1),(510,37,'2022-04-30 17:42:45',36,41.45,3),(511,1,'2022-09-07 22:18:41',48,41.90,4),(512,22,'2023-02-06 15:35:14',95,33.56,3),(513,4,'2022-06-30 19:54:54',13,59.74,5),(514,23,'2022-05-29 11:48:58',75,49.35,5),(515,29,'2022-10-30 03:53:51',22,77.22,2),(516,1,'2023-04-10 07:03:21',21,2.15,3),(517,36,'2022-10-13 08:26:56',64,19.24,1),(518,21,'2022-07-22 16:14:12',99,18.20,1),(519,6,'2022-04-29 20:49:38',38,39.42,2),(520,22,'2022-12-23 19:56:22',97,38.29,5),(521,25,'2022-11-16 04:09:23',46,29.62,3),(522,30,'2022-07-22 12:58:12',28,28.68,2),(523,3,'2022-07-01 23:35:18',61,1.07,4),(524,25,'2022-12-08 21:03:18',68,64.75,3),(525,24,'2022-05-29 13:43:45',94,22.34,2),(526,26,'2022-05-06 04:39:13',66,54.61,2),(527,16,'2022-10-08 12:50:50',90,92.11,5),(528,14,'2022-12-30 05:15:34',7,60.31,2),(529,3,'2022-10-20 16:56:21',99,45.39,4),(530,13,'2022-12-15 01:37:47',76,49.56,5),(531,24,'2022-07-24 05:53:50',20,92.68,4),(532,2,'2022-12-04 06:37:03',44,29.03,4),(533,26,'2023-03-10 04:31:16',74,99.27,1),(534,21,'2023-04-09 13:29:13',73,36.40,5),(535,3,'2022-05-06 23:06:43',38,1.85,2),(536,26,'2022-04-18 18:42:59',76,20.99,3),(537,26,'2022-10-11 06:33:55',21,78.02,2),(538,2,'2022-06-03 17:05:03',72,21.68,1),(539,23,'2022-11-28 15:38:42',43,23.81,4),(540,29,'2023-03-30 09:44:30',90,84.63,4),(541,13,'2023-03-01 07:11:51',100,40.65,4),(542,39,'2022-12-20 09:20:56',60,5.82,4),(543,14,'2023-03-05 14:15:29',64,50.07,3),(544,6,'2022-08-09 10:25:27',9,29.80,4),(545,5,'2022-11-08 00:22:35',65,31.83,4),(546,16,'2022-09-16 20:00:36',84,85.07,2),(547,1,'2022-10-28 13:01:53',50,18.46,2),(548,25,'2022-10-29 12:34:47',29,57.60,2),(549,9,'2022-07-22 00:00:33',36,72.73,2),(550,16,'2022-10-17 19:14:23',58,56.81,5),(551,10,'2022-05-22 14:22:23',80,63.29,2),(552,31,'2022-11-01 10:57:09',67,57.94,2),(553,21,'2023-02-23 07:13:46',3,94.03,4),(554,9,'2023-04-09 03:31:02',80,36.93,3),(555,18,'2022-07-05 08:08:21',27,14.44,5),(556,28,'2022-09-18 11:59:42',59,46.30,5),(557,10,'2023-01-19 14:30:16',6,6.10,4),(558,33,'2022-08-25 14:03:29',52,97.56,3),(559,24,'2023-02-17 15:54:40',67,20.63,2),(560,6,'2023-01-22 15:27:32',26,94.80,2),(561,7,'2022-05-26 12:41:50',45,21.85,3),(562,1,'2022-08-08 06:51:10',61,14.82,5),(563,38,'2022-11-04 15:32:11',4,5.80,5),(564,19,'2023-02-24 01:06:41',42,76.29,5),(565,16,'2022-05-08 17:03:28',18,91.88,5),(566,5,'2022-04-18 18:50:28',93,46.09,2),(567,18,'2022-08-12 05:46:59',24,55.51,4),(568,13,'2022-12-01 07:34:47',91,27.44,1),(569,28,'2023-02-09 18:02:08',31,20.85,2),(570,9,'2023-03-26 00:04:24',54,74.13,4),(571,6,'2022-08-03 19:32:12',68,7.64,4),(572,17,'2022-10-21 07:30:08',82,71.09,5),(573,13,'2022-09-13 20:29:04',99,31.87,5),(574,4,'2022-10-29 21:09:51',26,20.55,4),(575,11,'2022-09-02 10:08:07',99,69.82,1),(576,25,'2022-07-03 06:49:47',12,35.28,3),(577,24,'2022-05-20 18:24:35',10,82.30,4),(578,17,'2022-12-30 15:58:04',70,30.63,2),(579,7,'2023-01-13 19:32:39',55,2.79,2),(580,11,'2023-02-08 12:32:24',46,8.15,2),(581,1,'2022-06-13 10:49:26',10,63.10,3),(582,18,'2022-09-13 04:16:31',32,99.63,3),(583,21,'2023-02-11 02:23:14',11,26.07,2),(584,23,'2023-02-11 07:54:21',76,26.98,4),(585,33,'2022-04-18 22:22:54',49,5.86,2),(586,1,'2022-10-16 20:10:25',70,64.54,2),(587,38,'2022-12-29 18:24:25',92,87.30,2),(588,14,'2022-12-03 06:40:28',39,17.43,3),(589,4,'2022-09-27 16:06:06',87,74.70,3),(590,13,'2023-01-30 00:22:22',64,11.11,5),(591,31,'2023-03-07 03:26:27',59,22.46,4),(592,15,'2022-05-17 12:00:50',77,92.86,3),(593,28,'2023-03-20 08:32:41',36,40.60,4),(594,30,'2022-08-05 11:54:02',90,87.53,2),(595,18,'2022-11-21 00:16:11',21,79.19,5),(596,39,'2023-02-15 07:21:49',67,10.62,1),(597,11,'2022-05-18 05:10:05',92,18.72,2),(598,39,'2022-11-24 18:44:46',5,43.82,1),(599,24,'2022-08-06 05:40:36',8,3.47,4),(600,36,'2023-01-17 01:58:29',70,27.77,5),(601,28,'2022-08-27 11:38:09',21,30.65,3),(602,4,'2023-01-10 16:08:08',95,99.55,5),(603,23,'2023-03-29 19:51:36',40,92.27,2),(604,1,'2022-10-18 18:56:01',62,1.45,1),(605,30,'2022-08-19 21:58:16',93,53.23,4),(606,2,'2022-04-27 12:40:51',37,53.65,5),(607,29,'2022-04-21 12:26:20',7,80.08,2),(608,12,'2022-06-10 17:06:10',92,18.89,2),(609,13,'2022-07-04 07:20:07',7,21.67,1),(610,10,'2022-10-08 13:07:18',75,45.85,4),(611,30,'2023-04-03 04:15:14',60,86.96,4),(612,29,'2022-09-05 22:09:45',71,58.29,4),(613,34,'2023-03-23 12:22:04',22,64.94,2),(614,14,'2022-09-28 07:20:09',24,40.63,3),(615,11,'2022-06-07 10:50:19',72,99.84,3),(616,32,'2022-04-27 15:11:48',18,25.57,3),(617,15,'2023-02-09 08:30:11',51,70.83,1),(618,1,'2022-06-28 20:06:54',33,14.59,3),(619,8,'2022-11-26 01:29:36',84,14.33,4),(620,3,'2022-10-20 06:50:16',52,93.50,5),(621,7,'2022-05-15 03:13:26',72,96.03,5),(622,37,'2023-02-06 21:33:13',62,76.59,2),(623,16,'2022-10-26 22:51:19',22,77.04,5),(624,34,'2022-12-29 08:27:39',99,91.56,1),(625,26,'2022-08-15 18:14:23',100,99.00,5),(626,5,'2023-01-15 18:30:11',92,55.62,1),(627,40,'2022-11-15 19:46:58',16,48.39,1),(628,14,'2022-12-28 14:04:08',4,45.63,4),(629,27,'2022-04-15 12:21:49',50,49.76,5),(630,35,'2022-11-20 05:49:09',30,83.30,3),(631,32,'2022-05-03 14:07:44',96,25.08,2),(632,34,'2023-03-21 06:51:23',55,9.22,1),(633,19,'2022-07-14 07:48:48',71,25.06,5),(634,12,'2022-08-16 20:36:40',10,51.06,5),(635,7,'2022-05-12 01:39:37',73,35.78,5),(636,5,'2023-01-16 00:14:06',3,9.78,3),(637,33,'2023-03-06 23:59:50',17,10.17,1),(638,4,'2022-05-29 10:17:57',26,45.94,1),(639,39,'2022-08-05 02:32:45',36,2.64,1),(640,22,'2022-12-17 05:11:51',36,55.79,2),(641,7,'2022-05-17 18:59:15',14,31.68,3),(642,3,'2022-06-29 02:34:46',76,14.15,1),(643,28,'2022-08-27 08:22:53',31,5.59,4),(644,30,'2022-04-25 10:59:08',28,91.65,1),(645,11,'2023-02-24 16:31:36',41,18.93,1),(646,19,'2022-09-18 00:19:43',65,87.13,4),(647,28,'2022-12-03 07:09:38',100,67.62,3),(648,31,'2022-05-11 23:36:32',76,49.67,4),(649,39,'2023-03-23 23:49:06',6,55.77,4),(650,2,'2022-12-26 00:22:36',7,31.81,4),(651,9,'2022-08-22 10:11:10',75,57.51,3),(652,16,'2022-10-05 00:51:24',72,25.76,4),(653,33,'2022-10-02 03:35:33',85,22.39,1),(654,14,'2023-04-10 08:21:39',25,26.42,1),(655,23,'2022-11-29 16:22:19',9,94.14,1),(656,28,'2023-01-19 23:35:22',100,27.25,4),(657,39,'2022-10-23 03:32:54',12,78.35,5),(658,20,'2022-06-04 23:35:20',27,99.38,4),(659,2,'2022-09-10 23:14:26',10,21.43,4),(660,18,'2022-11-03 06:19:24',74,5.18,3),(661,25,'2023-03-29 10:23:52',16,72.00,3),(662,2,'2023-02-13 20:35:56',99,14.09,2),(663,31,'2022-12-13 06:10:04',55,28.10,4),(664,5,'2022-09-13 18:27:54',5,12.25,1),(665,16,'2022-06-25 04:21:12',77,47.47,2),(666,26,'2022-09-27 21:18:18',82,28.66,3),(667,8,'2022-11-21 21:46:28',24,67.85,4),(668,34,'2022-08-26 06:36:43',58,51.55,1),(669,16,'2023-03-18 16:48:54',70,30.86,5),(670,1,'2022-12-30 04:21:53',97,65.77,1),(671,10,'2023-03-23 22:36:04',55,87.33,5),(672,2,'2022-06-04 02:54:20',71,93.63,1),(673,15,'2022-09-30 03:24:32',18,47.01,4),(674,34,'2022-09-01 20:41:41',8,93.23,3),(675,18,'2022-11-10 01:59:59',58,44.71,4),(676,5,'2023-02-05 07:05:01',39,13.30,1),(677,39,'2023-01-09 04:06:17',82,8.67,5),(678,29,'2022-05-06 02:02:03',6,86.39,1),(679,13,'2022-10-10 14:13:49',9,81.70,1),(680,20,'2023-01-31 20:16:08',2,19.90,5),(681,40,'2023-01-21 04:06:31',74,90.77,5),(682,34,'2022-08-18 09:06:13',54,35.16,3),(683,35,'2022-10-01 11:35:06',50,12.99,3),(684,37,'2022-11-05 11:02:57',98,68.42,5),(685,5,'2022-10-21 16:29:31',53,37.09,3),(686,38,'2022-11-28 04:51:18',79,22.04,1),(687,31,'2022-10-24 11:21:43',12,53.42,4),(688,18,'2022-06-11 07:32:38',58,97.61,2),(689,24,'2022-12-23 18:04:25',31,3.02,5),(690,9,'2023-01-13 16:42:24',88,7.96,5),(691,10,'2022-10-07 17:34:41',77,12.77,1),(692,1,'2023-04-03 16:49:08',75,14.11,1),(693,28,'2023-03-11 02:14:12',48,48.39,1),(694,12,'2022-07-27 22:47:14',33,56.43,5),(695,34,'2022-06-07 22:02:02',34,86.74,5),(696,17,'2023-02-27 09:41:23',87,82.82,2),(697,10,'2022-05-31 08:41:03',29,78.57,4),(698,28,'2022-08-13 15:56:38',9,67.04,5),(699,36,'2022-11-26 12:17:44',25,98.19,3),(700,26,'2023-02-11 04:39:19',38,57.13,2),(701,13,'2022-12-21 13:50:56',93,92.27,1),(702,31,'2022-10-01 13:17:18',56,43.13,1),(703,27,'2023-04-04 18:14:54',90,13.25,3),(704,8,'2022-06-12 23:03:45',69,83.77,4),(705,32,'2022-11-01 11:44:43',46,43.72,2),(706,36,'2022-08-16 17:53:14',95,2.77,2),(707,28,'2022-09-09 09:48:43',50,91.93,4),(708,1,'2022-12-07 17:57:57',13,74.03,5),(709,29,'2022-05-17 04:20:31',56,69.20,4),(710,24,'2023-01-01 06:23:58',22,35.69,4),(711,12,'2023-02-09 21:13:04',91,71.60,2),(712,28,'2022-10-24 14:32:17',29,4.60,2),(713,13,'2022-12-29 23:06:28',91,72.90,2),(714,32,'2022-08-08 07:35:28',92,88.47,3),(715,1,'2023-02-13 03:32:01',57,58.64,4),(716,35,'2022-08-30 21:16:50',66,1.28,2),(717,22,'2022-12-17 11:27:33',65,23.04,1),(718,37,'2022-07-03 04:10:19',87,52.40,5),(719,28,'2022-07-05 10:15:44',52,57.86,2),(720,32,'2022-07-05 21:10:41',35,49.80,5),(721,7,'2022-08-04 19:56:50',64,32.38,2),(722,14,'2023-01-01 23:05:41',29,84.98,3),(723,3,'2022-06-16 04:09:00',78,92.86,1),(724,19,'2022-07-08 13:45:04',83,2.66,2),(725,6,'2022-11-18 10:04:47',93,62.53,5),(726,11,'2023-02-12 00:51:52',60,13.24,3),(727,28,'2022-07-01 11:37:46',51,27.86,5),(728,12,'2023-04-08 10:55:20',90,84.03,2),(729,18,'2022-09-16 12:28:14',82,84.34,3),(730,1,'2022-04-21 03:02:28',9,79.04,5),(731,4,'2022-11-29 14:52:10',59,23.62,1),(732,7,'2023-03-03 01:32:35',34,33.05,3),(733,16,'2022-10-13 14:24:22',47,24.64,2),(734,15,'2022-05-08 07:55:47',69,70.09,3),(735,1,'2022-06-25 15:18:52',30,33.00,3),(736,12,'2023-02-28 10:42:05',2,47.24,2),(737,8,'2022-10-06 23:09:59',44,13.09,5),(738,15,'2022-06-21 17:12:04',72,79.67,4),(739,8,'2022-08-21 15:51:10',92,92.41,5),(740,5,'2022-07-17 01:45:09',3,33.56,5),(741,30,'2022-11-27 14:29:11',10,70.18,1),(742,19,'2022-12-21 06:26:44',71,37.63,3),(743,2,'2022-07-01 12:09:41',61,52.05,1),(744,4,'2023-02-20 13:40:57',69,54.52,1),(745,21,'2022-11-30 14:57:00',2,16.72,1),(746,36,'2022-07-13 13:17:47',3,78.99,4),(747,6,'2023-03-19 05:17:40',42,96.51,1),(748,32,'2022-12-05 07:08:42',26,58.33,5),(749,5,'2022-12-17 21:04:18',97,71.09,3),(750,6,'2022-05-15 11:09:41',7,60.04,4),(751,9,'2022-07-14 01:00:11',14,29.98,5),(752,11,'2022-11-18 05:07:46',73,29.43,4),(753,12,'2022-05-10 07:45:15',22,23.91,2),(754,17,'2023-01-18 13:31:16',40,34.38,3),(755,20,'2023-04-11 05:01:05',6,6.73,2),(756,36,'2023-03-31 18:14:01',52,64.24,5),(757,29,'2023-03-19 03:26:54',18,11.17,4),(758,12,'2023-03-09 08:46:17',74,67.51,3),(759,28,'2022-05-13 03:44:19',27,46.46,2),(760,9,'2023-01-29 04:53:43',38,2.66,5),(761,28,'2023-02-15 08:55:43',19,60.78,2),(762,13,'2023-03-23 07:09:37',70,90.00,3),(763,11,'2023-01-30 06:33:49',62,88.58,2),(764,21,'2022-06-09 09:59:32',75,13.13,3),(765,37,'2023-01-28 02:24:57',4,46.58,5),(766,21,'2022-10-10 18:21:19',45,11.86,3),(767,35,'2022-12-06 22:01:14',79,25.54,1),(768,7,'2022-10-30 03:42:10',44,25.04,3),(769,28,'2022-05-31 09:17:00',9,54.17,5),(770,16,'2022-10-31 18:47:48',88,85.34,1),(771,18,'2023-02-21 20:10:01',55,8.90,4),(772,30,'2022-09-01 20:33:21',8,95.76,5),(773,6,'2023-01-15 19:17:16',84,21.26,1),(774,17,'2022-07-19 22:40:14',88,37.93,1),(775,13,'2022-07-08 23:48:06',86,17.26,2),(776,4,'2022-11-10 01:43:27',43,45.59,4),(777,20,'2022-10-01 02:04:08',64,51.95,2),(778,12,'2023-04-08 17:38:33',51,81.01,1),(779,12,'2022-07-27 16:20:50',22,33.72,3),(780,7,'2022-10-01 06:33:59',42,94.34,2),(781,13,'2023-01-02 03:32:38',37,42.08,5),(782,4,'2023-04-14 04:10:57',10,87.66,3),(783,26,'2022-06-25 09:29:10',24,14.57,5),(784,29,'2022-11-11 20:41:08',19,73.02,3),(785,30,'2022-07-31 01:57:40',34,75.72,3),(786,17,'2022-08-24 08:58:08',14,83.56,3),(787,34,'2022-10-26 01:02:59',67,33.36,2),(788,17,'2023-04-13 02:30:15',33,68.79,3),(789,37,'2022-06-22 01:08:56',39,12.68,1),(790,6,'2022-08-22 07:14:08',33,59.59,2),(791,15,'2023-03-06 14:38:19',79,3.52,4),(792,25,'2022-12-19 20:40:31',41,47.95,4),(793,37,'2022-07-13 08:35:26',13,44.71,3),(794,32,'2023-01-28 19:16:35',56,72.64,5),(795,11,'2023-03-16 12:37:17',86,3.20,5),(796,6,'2022-11-22 01:17:30',81,68.81,3),(797,12,'2022-06-24 22:36:37',60,66.57,1),(798,2,'2022-11-12 07:59:36',90,84.91,5),(799,35,'2022-06-06 03:44:48',6,11.42,1),(800,39,'2023-04-02 10:33:58',80,42.94,4),(801,29,'2022-11-24 23:29:55',2,97.06,1),(802,39,'2023-02-06 07:04:16',29,68.34,1),(803,29,'2022-04-22 00:04:21',76,51.32,2),(804,34,'2022-07-26 18:03:29',55,30.15,3),(805,32,'2022-12-16 14:21:53',71,22.75,3),(806,33,'2022-11-30 00:58:46',31,98.18,2),(807,6,'2022-07-23 18:47:12',46,88.70,3),(808,9,'2023-02-07 00:08:41',32,36.12,1),(809,1,'2022-09-07 20:43:10',97,54.55,5),(810,24,'2022-07-13 13:18:58',100,50.72,1),(811,36,'2022-10-16 04:02:56',32,63.61,1),(812,9,'2022-11-24 12:09:41',43,20.37,3),(813,29,'2022-11-08 18:18:28',7,24.46,1),(814,17,'2023-01-15 04:43:28',12,23.75,1),(815,28,'2022-08-13 02:37:11',52,54.28,4),(816,1,'2022-08-10 01:36:29',53,84.29,3),(817,3,'2022-10-29 12:03:15',19,25.39,1),(818,30,'2023-03-28 01:17:20',99,92.44,4),(819,30,'2022-10-29 15:12:56',45,49.77,4),(820,33,'2023-03-20 20:18:36',72,26.01,3),(821,8,'2022-08-28 17:33:34',47,70.02,2),(822,7,'2022-05-03 04:15:02',37,63.05,3),(823,36,'2022-09-26 22:59:11',18,86.65,2),(824,28,'2022-11-19 05:07:55',97,64.43,4),(825,13,'2023-01-17 04:29:56',44,94.00,1),(826,14,'2022-09-20 15:18:24',93,50.78,2),(827,5,'2023-02-10 18:46:49',38,11.05,3),(828,21,'2022-07-25 18:16:18',23,49.01,2),(829,40,'2022-06-19 03:03:30',48,85.57,1),(830,35,'2022-08-18 04:42:15',37,90.70,3),(831,37,'2023-04-12 11:39:59',62,41.21,1),(832,25,'2023-02-28 18:07:38',9,18.93,1),(833,2,'2022-10-16 14:26:36',44,94.36,1),(834,5,'2022-12-07 09:28:09',37,14.17,4),(835,10,'2023-02-08 17:50:59',55,20.77,2),(836,18,'2023-02-15 00:25:50',32,29.94,1),(837,37,'2022-08-19 06:29:56',36,2.81,4),(838,11,'2022-10-18 10:59:38',71,13.56,3),(839,30,'2022-08-20 22:54:16',27,75.63,5),(840,31,'2022-11-27 20:10:01',95,8.78,1),(841,22,'2022-08-25 23:51:27',31,87.13,1),(842,6,'2022-10-19 19:57:51',19,37.86,4),(843,14,'2022-06-26 04:18:34',77,39.24,5),(844,22,'2022-10-08 03:52:01',93,90.34,5),(845,34,'2023-02-04 00:42:12',10,3.60,5),(846,1,'2022-10-04 15:16:38',38,52.28,5),(847,16,'2022-12-22 17:30:18',53,66.71,3),(848,5,'2023-01-30 11:20:27',52,56.64,3),(849,39,'2023-04-11 08:47:11',28,66.78,4),(850,26,'2022-06-09 20:01:35',58,99.96,1),(851,20,'2022-05-06 04:43:12',51,32.35,4),(852,3,'2022-10-22 20:46:23',59,37.22,5),(853,7,'2023-04-11 03:07:29',59,26.71,5),(854,34,'2023-02-14 12:29:35',51,85.21,1),(855,13,'2023-03-21 04:11:36',26,11.32,1),(856,15,'2022-10-19 04:29:57',50,6.91,2),(857,9,'2022-05-06 13:51:10',67,80.44,3),(858,23,'2022-07-06 09:48:56',68,98.74,1),(859,7,'2022-07-01 07:15:02',51,63.26,3),(860,36,'2023-01-08 03:50:53',78,42.65,2),(861,2,'2023-02-16 20:12:38',89,22.26,4),(862,26,'2023-01-17 20:38:47',33,92.11,1),(863,11,'2022-06-28 17:59:28',26,49.85,1),(864,10,'2022-09-04 14:29:07',5,97.95,3),(865,37,'2022-12-27 03:12:20',61,22.45,2),(866,36,'2022-10-15 19:20:24',9,10.10,2),(867,18,'2023-03-28 07:47:07',46,97.80,1),(868,18,'2022-06-22 02:51:14',1,58.75,4),(869,22,'2022-12-03 13:23:29',4,74.46,4),(870,1,'2023-03-02 11:11:04',67,4.54,2),(871,6,'2022-04-28 11:22:54',34,17.58,1),(872,18,'2022-05-10 19:32:02',81,44.66,3),(873,6,'2023-03-17 17:24:55',78,75.49,5),(874,1,'2022-11-12 07:24:26',97,31.66,3),(875,18,'2022-07-24 06:26:27',88,4.09,5),(876,16,'2022-10-11 19:48:59',75,41.22,1),(877,20,'2023-02-03 11:14:19',37,5.51,1),(878,7,'2022-10-15 04:46:00',25,51.17,1),(879,39,'2022-09-14 03:16:13',10,15.67,2),(880,8,'2022-05-23 19:18:18',67,57.93,4),(881,7,'2022-12-30 22:22:05',57,78.74,4),(882,22,'2023-01-04 23:34:16',61,51.32,1),(883,35,'2022-06-10 02:57:23',45,62.78,3),(884,32,'2022-11-01 15:17:45',52,22.38,4),(885,3,'2022-07-28 07:01:25',31,27.29,5),(886,7,'2022-07-01 01:55:56',61,51.32,1),(887,21,'2023-02-13 21:19:11',18,25.39,2),(888,14,'2022-07-14 07:54:08',41,36.61,1),(889,16,'2022-12-10 21:08:20',22,82.31,3),(890,12,'2023-03-13 07:59:50',30,1.85,5),(891,14,'2023-01-10 03:26:06',46,23.31,3),(892,19,'2022-10-22 15:33:53',43,69.12,3),(893,11,'2022-10-31 20:24:16',87,23.91,2),(894,33,'2023-03-26 14:49:15',25,49.72,5),(895,9,'2022-09-18 10:23:44',98,46.24,3),(896,29,'2022-06-19 12:33:23',64,41.55,1),(897,26,'2022-09-02 11:03:47',82,18.55,3),(898,26,'2022-11-17 12:16:22',33,62.13,4),(899,19,'2023-01-06 15:41:52',93,44.32,1),(900,40,'2022-05-10 01:41:49',67,94.66,5),(901,19,'2022-07-06 13:49:07',27,29.13,2),(902,13,'2022-10-06 02:42:52',77,79.82,2),(903,30,'2022-07-09 04:20:09',99,9.99,2),(904,15,'2023-01-21 00:08:06',42,3.21,5),(905,32,'2023-04-07 22:40:22',23,97.87,2),(906,5,'2022-11-30 15:16:46',19,46.91,4),(907,27,'2022-07-30 14:28:45',96,49.91,5),(908,31,'2022-08-23 23:55:29',7,43.80,5),(909,39,'2023-02-28 19:52:01',56,23.53,5),(910,7,'2023-03-27 07:34:17',73,98.94,4),(911,17,'2023-03-27 23:50:44',31,26.69,1),(912,9,'2023-02-23 23:24:32',9,60.94,4),(913,4,'2022-12-29 09:56:52',15,44.48,2),(914,6,'2022-04-23 08:41:30',1,13.03,3),(915,18,'2022-09-26 22:00:43',59,45.51,3),(916,25,'2022-09-25 02:24:12',5,66.06,4),(917,9,'2023-01-10 08:00:23',6,37.47,2),(918,33,'2023-03-07 22:52:59',34,45.57,5),(919,25,'2023-03-28 15:17:12',19,30.65,4),(920,5,'2022-11-17 01:06:45',80,8.91,4),(921,38,'2022-10-08 00:14:41',31,54.79,2),(922,21,'2022-09-21 00:50:04',93,38.83,2),(923,19,'2022-07-22 08:19:13',47,25.31,2),(924,33,'2022-08-27 16:30:00',98,48.19,4),(925,14,'2022-05-10 05:40:55',30,47.69,1),(926,14,'2022-12-05 17:27:54',73,10.95,2),(927,32,'2022-06-07 17:35:51',66,31.97,4),(928,38,'2023-04-03 17:44:25',86,95.13,5),(929,4,'2022-12-19 01:37:41',76,75.83,4),(930,20,'2022-11-28 20:39:53',27,2.32,2),(931,37,'2022-09-03 08:37:00',96,47.09,4),(932,24,'2023-03-06 11:42:19',92,56.92,2),(933,22,'2023-03-29 18:44:53',65,66.74,2),(934,6,'2022-09-25 18:52:23',70,75.01,3),(935,11,'2023-02-14 04:19:39',85,1.17,1),(936,11,'2023-04-11 20:22:03',78,80.58,2),(937,36,'2022-07-23 23:31:54',13,39.82,3),(938,29,'2022-09-28 21:34:53',26,42.69,3),(939,32,'2022-10-18 12:38:37',48,81.73,3),(940,11,'2023-03-29 17:03:58',45,55.15,4),(941,2,'2022-12-09 06:08:08',97,51.56,1),(942,8,'2022-11-29 03:35:42',17,85.00,5),(943,19,'2022-09-26 22:27:47',85,64.43,1),(944,23,'2023-03-12 18:09:30',9,90.98,3),(945,40,'2022-09-02 02:53:38',93,90.34,5),(946,1,'2023-01-14 21:16:38',57,63.70,5),(947,1,'2023-04-02 10:08:31',79,88.88,5),(948,12,'2022-07-17 00:24:29',6,7.05,1),(949,18,'2022-05-29 16:30:35',58,29.53,4),(950,3,'2022-08-18 00:58:04',42,59.94,1),(951,37,'2023-02-13 07:00:15',51,75.35,4),(952,5,'2022-09-19 01:41:23',52,98.86,2),(953,28,'2022-10-08 13:32:20',65,42.75,3),(954,38,'2022-06-12 07:46:23',34,75.84,1),(955,29,'2022-08-12 08:55:33',56,97.48,3),(956,13,'2022-11-22 07:46:10',81,32.20,4),(957,9,'2022-05-10 12:06:19',1,20.24,2),(958,3,'2022-06-08 12:07:30',35,23.33,1),(959,33,'2022-11-15 20:02:32',79,27.18,4),(960,13,'2023-02-14 03:35:09',75,73.65,1),(961,5,'2023-01-28 20:49:03',64,73.82,2),(962,29,'2022-07-23 00:39:00',43,12.36,1),(963,29,'2022-05-04 18:14:50',34,46.69,1),(964,27,'2022-06-29 04:42:55',2,80.05,1),(965,5,'2022-04-16 08:07:29',22,17.68,1),(966,29,'2023-03-18 00:58:15',30,2.84,5),(967,26,'2022-05-23 23:39:21',60,82.02,1),(968,13,'2022-08-13 18:53:27',51,65.71,2),(969,23,'2022-10-30 08:15:54',42,39.13,3),(970,29,'2022-09-17 19:14:37',79,81.73,2),(971,17,'2022-06-25 12:57:49',49,99.13,5),(972,23,'2023-02-23 15:56:48',48,85.30,5),(973,40,'2022-10-18 07:17:52',92,43.98,4),(974,11,'2022-09-16 06:06:43',40,95.00,4),(975,36,'2023-02-28 08:10:40',41,16.00,1),(976,30,'2022-05-23 19:51:34',94,35.82,1),(977,19,'2022-06-15 02:59:43',33,21.61,2),(978,34,'2022-07-25 07:46:29',70,83.20,4),(979,10,'2022-11-10 12:58:51',1,47.69,5),(980,28,'2023-02-28 13:31:10',28,13.57,2),(981,22,'2022-07-25 01:46:39',56,91.75,1),(982,38,'2022-07-23 13:38:30',85,4.33,3),(983,10,'2022-04-29 18:54:14',46,4.44,2),(984,18,'2022-11-12 02:45:43',55,87.00,5),(985,23,'2023-01-10 07:48:22',35,28.83,2),(986,3,'2023-04-11 10:23:56',23,81.99,2),(987,11,'2022-11-30 19:38:49',98,76.34,4),(988,23,'2022-08-28 09:38:55',3,89.32,4),(989,36,'2023-04-12 19:31:29',99,62.77,3),(990,17,'2022-10-07 11:53:30',69,38.24,5),(991,16,'2022-06-19 01:46:37',23,70.49,4),(992,20,'2022-05-22 09:28:49',60,61.67,3),(993,37,'2023-01-09 14:47:32',51,64.97,4),(994,35,'2023-03-11 08:24:03',36,56.24,2),(995,7,'2023-01-06 10:18:49',8,31.43,1),(996,21,'2022-11-14 10:12:05',55,62.60,5),(997,8,'2022-08-02 15:55:59',19,20.32,5),(998,2,'2023-04-04 01:22:54',86,84.16,3),(999,2,'2023-01-02 08:25:24',64,7.86,3),(1000,29,'2023-04-02 19:13:21',34,96.06,2);
/*!40000 ALTER TABLE `orders` ENABLE KEYS */;
UNLOCK TABLES;

--
-- Table structure for table `products`
--

DROP TABLE IF EXISTS `products`;
/*!40101 SET @saved_cs_client     = @@character_set_client */;
/*!50503 SET character_set_client = utf8mb4 */;
CREATE TABLE `products` (
  `product_id` int NOT NULL,
  `product_name` varchar(255) DEFAULT NULL,
  `actual_price` decimal(10,2) DEFAULT NULL,
  `selling_price` decimal(10,2) DEFAULT NULL,
  `expiry_date` date DEFAULT NULL,
  PRIMARY KEY (`product_id`)
) ENGINE=InnoDB DEFAULT CHARSET=utf8mb4 COLLATE=utf8mb4_0900_ai_ci;
/*!40101 SET character_set_client = @saved_cs_client */;

--
-- Dumping data for table `products`
--

LOCK TABLES `products` WRITE;
/*!40000 ALTER TABLE `products` DISABLE KEYS */;
INSERT INTO `products` VALUES (1,'Mustard - Seed',90.90,158.30,'2022-10-06'),(2,'Wine - Red, Gallo, Merlot',81.00,179.10,'2023-04-14'),(3,'Paste - Black Olive',23.50,103.30,'2022-07-20'),(4,'Appetizer - Spring Roll, Veg',65.50,107.70,'2022-09-04'),(5,'Bread - English Muffin',81.90,103.00,'2022-09-15'),(6,'Wine - Vouvray Cuvee Domaine',85.60,111.40,'2022-09-21'),(7,'Bulgar',60.90,153.50,'2023-01-20'),(8,'Flavouring Vanilla Artificial',23.70,183.80,'2022-07-11'),(9,'Cheese - Ermite Bleu',66.60,102.20,'2022-06-26'),(10,'Tomatoes - Cherry, Yellow',52.90,195.50,'2022-12-25'),(11,'Puree - Guava',65.50,185.80,'2023-03-12'),(12,'Wine - Red, Pelee Island Merlot',7.00,101.60,'2022-10-27'),(13,'Mints - Striped Red',82.20,112.10,'2023-01-08'),(14,'Water - Spring Water 500ml',49.10,138.10,'2022-05-18'),(15,'Jam - Apricot',96.70,174.90,'2022-09-06'),(16,'Trout - Rainbow, Fresh',11.10,147.20,'2022-06-14'),(17,'Yoplait - Strawbrasp Peac',34.80,116.80,'2023-04-04'),(18,'Lemonade - Kiwi, 591 Ml',87.00,181.20,'2022-05-11'),(19,'Glass Clear 7 Oz Xl',46.50,179.60,'2023-03-07'),(20,'Wine - Puligny Montrachet A.',70.30,162.60,'2023-02-25'),(21,'Onions - Cippolini',47.60,164.90,'2022-06-26'),(22,'Octopus - Baby Cleaned',43.70,184.00,'2022-10-18'),(23,'Bread - Focaccia Quarter',97.30,176.80,'2022-11-12'),(24,'Straws - Cocktale',38.10,143.80,'2022-11-27'),(25,'Anchovy Paste - 56 G Tube',45.10,112.10,'2022-07-30'),(26,'White Fish - Filets',2.50,182.90,'2022-09-01'),(27,'Pasta - Fettuccine, Dry',92.30,117.00,'2022-12-08'),(28,'Melon - Honey Dew',2.90,123.30,'2022-10-30'),(29,'Bagel - Plain',83.50,164.00,'2022-12-29'),(30,'Pepper - Orange',21.90,168.50,'2022-05-20'),(31,'Vodka - Smirnoff',8.90,176.90,'2022-09-04'),(32,'Danishes - Mini Cheese',85.30,147.00,'2022-05-09'),(33,'Oil - Hazelnut',21.30,180.30,'2022-06-19'),(34,'Soho Lychee Liqueur',29.50,105.00,'2022-04-30'),(35,'Lemons',7.60,161.80,'2022-08-01'),(36,'Cleaner - Pine Sol',28.70,102.30,'2023-04-13'),(37,'Soup Campbells - Italian Wedding',96.50,187.40,'2022-09-28'),(38,'Beef - Bones, Cut - Up',35.20,157.80,'2023-01-08'),(39,'Pork - Back Ribs',73.30,187.40,'2023-04-13'),(40,'Tahini Paste',20.10,198.10,'2023-01-23'),(41,'Soup - Campbells, Cream Of',44.00,110.80,'2022-08-06'),(42,'Lettuce - Treviso',38.40,142.10,'2023-01-21'),(43,'Muffin - Blueberry Individual',69.10,134.80,'2023-01-23'),(44,'Beer - Creemore',68.30,148.40,'2023-03-12'),(45,'Gloves - Goldtouch Disposable',89.50,116.50,'2022-12-30'),(46,'Bar Nature Valley',58.40,158.20,'2023-02-22'),(47,'Yogurt - Cherry, 175 Gr',18.60,170.60,'2022-08-25'),(48,'Bread - Roll, Soft White Round',29.80,156.80,'2022-11-13'),(49,'Beef - Ground Lean Fresh',53.60,155.20,'2022-12-09'),(50,'Puree - Blackcurrant',3.20,190.30,'2022-06-29'),(51,'Brandy Apricot',56.40,118.90,'2022-10-01'),(52,'Kippers - Smoked',24.10,168.50,'2023-04-11'),(53,'Cheese - Provolone',8.80,128.10,'2022-09-05'),(54,'Cake - Mini Cheesecake',79.00,198.00,'2022-12-21'),(55,'Sauce - Apple, Unsweetened',43.80,138.80,'2022-11-18'),(56,'Bread - Hot Dog Buns',71.30,174.90,'2022-11-04'),(57,'Schnappes - Peach, Walkers',81.70,128.00,'2022-08-11'),(58,'Yams',30.60,147.50,'2023-02-19'),(59,'Bread - Focaccia Quarter',6.00,157.50,'2022-10-04'),(60,'Ginger - Fresh',5.60,100.80,'2022-07-02'),(61,'Dc - Sakura Fu',62.00,101.50,'2022-05-29'),(62,'Cheese - Brie Roitelet',31.40,139.80,'2022-11-23'),(63,'Aspic - Amber',95.90,118.20,'2022-09-13'),(64,'Bacardi Limon',78.40,141.40,'2022-06-13'),(65,'Shrimp - 150 - 250',44.00,185.50,'2022-06-29'),(66,'Dry Ice',87.10,188.20,'2023-01-31'),(67,'Cheese - Gouda',97.50,108.50,'2023-04-01'),(68,'Stock - Veal, White',79.20,115.50,'2022-12-02'),(69,'Wine - Crozes Hermitage E.',32.40,185.20,'2023-02-25'),(70,'Tea - Black Currant',38.10,191.90,'2022-05-29'),(71,'Fond - Neutral',65.20,151.90,'2022-08-15'),(72,'Chilli Paste, Hot Sambal Oelek',31.90,114.30,'2022-05-09'),(73,'Soup - Campbells Asian Noodle',37.80,199.00,'2023-03-13'),(74,'Cake - Miini Cheesecake Cherry',76.70,134.00,'2022-10-16'),(75,'Sugar - Individual Portions',90.10,153.10,'2023-03-29'),(76,'Oyster - In Shell',34.70,144.50,'2022-06-24'),(77,'Beans - Wax',80.30,191.00,'2023-01-24'),(78,'Bread - Roll, Calabrese',64.00,103.60,'2022-10-18'),(79,'Papadam',95.40,185.00,'2022-04-29'),(80,'Tuna - Salad Premix',83.40,154.80,'2022-08-14'),(81,'Pepper - Scotch Bonnet',75.10,186.60,'2022-08-28'),(82,'Coffee Cup 12oz 5342cd',32.30,171.80,'2022-10-07'),(83,'Sugar Thermometer',43.10,104.90,'2022-06-06'),(84,'Bagel - Everything Presliced',66.00,115.60,'2023-02-03'),(85,'Salmon Steak - Cohoe 8 Oz',15.70,108.30,'2023-03-23'),(86,'Artichoke - Bottom, Canned',39.80,182.50,'2023-03-13'),(87,'Jam - Raspberry,jar',32.10,158.60,'2022-10-27'),(88,'Wine - Harrow Estates, Vidal',31.20,158.80,'2022-08-01'),(89,'Crab - Dungeness, Whole',37.20,120.40,'2023-03-29'),(90,'Gelatine Leaves - Bulk',40.70,172.40,'2022-06-29'),(91,'Ecolab - Medallion',82.00,108.10,'2023-03-25'),(92,'Pie Box - Cello Window 2.5',92.20,179.10,'2023-02-14'),(93,'Olives - Morracan Dired',76.50,184.00,'2022-07-13'),(94,'Soup - Clam Chowder, Dry Mix',70.40,143.20,'2022-11-24'),(95,'Beef - Ox Tail, Frozen',18.30,145.90,'2023-03-30'),(96,'Pepper - Black, Whole',55.00,118.30,'2023-03-11'),(97,'Bay Leaf Ground',89.40,180.40,'2023-04-06'),(98,'Contreau',58.70,150.90,'2023-03-27'),(99,'Garlic - Elephant',6.90,151.80,'2023-04-14'),(100,'Longos - Lasagna Veg',34.10,199.00,'2023-04-02');
/*!40000 ALTER TABLE `products` ENABLE KEYS */;
UNLOCK TABLES;

--
-- Table structure for table `purchase_orders`
--

DROP TABLE IF EXISTS `purchase_orders`;
/*!40101 SET @saved_cs_client     = @@character_set_client */;
/*!50503 SET character_set_client = utf8mb4 */;
CREATE TABLE `purchase_orders` (
  `purchase_id` int NOT NULL,
  `supplier_id` int DEFAULT NULL,
  `product_id` int DEFAULT NULL,
  `purchase_quantity` int DEFAULT NULL,
  `unit_price` decimal(10,2) DEFAULT NULL,
  `order_date` date DEFAULT NULL,
  `delivery_date` date DEFAULT NULL,
  PRIMARY KEY (`purchase_id`),
  KEY `supplier_id` (`supplier_id`),
  KEY `product_id` (`product_id`),
  CONSTRAINT `purchase_orders_ibfk_1` FOREIGN KEY (`supplier_id`) REFERENCES `suppliers` (`supplier_id`),
  CONSTRAINT `purchase_orders_ibfk_2` FOREIGN KEY (`product_id`) REFERENCES `products` (`product_id`)
) ENGINE=InnoDB DEFAULT CHARSET=utf8mb4 COLLATE=utf8mb4_0900_ai_ci;
/*!40101 SET character_set_client = @saved_cs_client */;

--
-- Dumping data for table `purchase_orders`
--

LOCK TABLES `purchase_orders` WRITE;
/*!40000 ALTER TABLE `purchase_orders` DISABLE KEYS */;
INSERT INTO `purchase_orders` VALUES (1,49,55,11,19.00,'2022-04-21','2022-05-24'),(2,3,25,27,46.00,'2022-05-06','2022-07-31'),(3,45,29,40,20.00,'2022-04-17','2022-08-17'),(4,44,9,46,48.00,'2022-04-19','2022-07-18'),(5,29,1,43,38.00,'2022-05-06','2022-09-17'),(6,4,3,20,54.00,'2022-05-05','2022-09-05'),(7,29,60,29,98.00,'2022-04-17','2022-05-25'),(8,46,70,35,80.00,'2022-05-03','2022-06-09'),(9,8,6,17,56.00,'2022-04-15','2022-06-22'),(10,32,93,33,60.00,'2022-05-12','2022-06-24'),(11,10,24,43,29.00,'2022-04-29','2022-07-07'),(12,33,96,40,29.00,'2022-05-06','2022-10-03'),(13,13,59,30,70.00,'2022-04-23','2022-07-28'),(14,36,52,34,45.00,'2022-04-25','2022-11-11'),(15,15,8,44,45.00,'2022-05-01','2022-09-11'),(16,42,40,27,44.00,'2022-05-12','2022-07-09'),(17,30,15,43,26.00,'2022-04-23','2022-05-17'),(18,7,21,20,45.00,'2022-04-23','2022-05-25'),(19,29,46,49,85.00,'2022-05-08','2022-11-15'),(20,4,32,39,19.00,'2022-04-15','2022-07-10'),(21,33,42,14,8.00,'2022-05-14','2022-07-28'),(22,31,20,1,63.00,'2022-05-09','2022-09-01'),(23,23,1,38,18.00,'2022-04-21','2022-10-02'),(24,32,82,49,100.00,'2022-05-05','2022-10-28'),(25,45,52,34,63.00,'2022-05-07','2022-11-04'),(26,24,16,14,80.00,'2022-05-14','2022-05-20'),(27,6,16,16,47.00,'2022-04-23','2022-07-26'),(28,15,1,3,36.00,'2022-04-27','2022-09-01'),(29,32,28,39,54.00,'2022-04-23','2022-08-09'),(30,2,43,10,72.00,'2022-05-14','2022-05-27'),(31,10,85,39,31.00,'2022-04-25','2022-06-01'),(32,46,27,9,97.00,'2022-05-04','2022-10-11'),(33,50,84,25,63.00,'2022-05-06','2022-06-01'),(34,17,74,43,98.00,'2022-04-21','2022-06-27'),(35,15,88,19,81.00,'2022-04-15','2022-09-19'),(36,18,69,22,4.00,'2022-05-02','2022-08-05'),(37,14,47,47,84.00,'2022-05-08','2022-06-14'),(38,3,63,41,88.00,'2022-04-17','2022-07-26'),(39,39,20,1,22.00,'2022-04-17','2022-09-27'),(40,2,22,29,13.00,'2022-05-06','2022-10-24'),(41,31,38,30,42.00,'2022-04-29','2022-05-25'),(42,40,74,8,4.00,'2022-05-02','2022-07-12'),(43,12,30,19,37.00,'2022-05-08','2022-07-18'),(44,33,86,45,16.00,'2022-04-19','2022-11-07'),(45,32,8,2,73.00,'2022-05-04','2022-09-10'),(46,2,69,13,86.00,'2022-04-25','2022-05-23'),(47,11,12,44,74.00,'2022-04-21','2022-11-20'),(48,48,60,28,85.00,'2022-04-23','2022-10-08'),(49,9,42,18,59.00,'2022-04-17','2022-11-17'),(50,44,71,45,23.00,'2022-05-06','2022-07-09'),(51,30,93,20,38.00,'2022-04-26','2022-07-23'),(52,48,31,10,16.00,'2022-04-25','2022-11-03'),(53,31,71,26,79.00,'2022-04-16','2022-06-14'),(54,2,34,49,10.00,'2022-04-29','2022-09-09'),(55,48,18,14,92.00,'2022-04-30','2022-11-29'),(56,50,45,2,26.00,'2022-04-17','2022-09-20'),(57,44,82,45,96.00,'2022-05-04','2022-06-21'),(58,14,78,20,22.00,'2022-05-11','2022-06-28'),(59,9,96,32,79.00,'2022-04-21','2022-08-04'),(60,14,86,15,65.00,'2022-05-09','2022-07-24'),(61,18,72,7,74.00,'2022-05-11','2022-05-31'),(62,14,100,11,28.00,'2022-04-24','2022-07-23'),(63,39,67,45,33.00,'2022-05-01','2022-10-26'),(64,44,75,1,77.00,'2022-05-02','2022-09-01'),(65,20,24,42,43.00,'2022-04-19','2022-07-25'),(66,48,53,14,97.00,'2022-04-16','2022-11-24'),(67,7,97,7,4.00,'2022-04-23','2022-08-28'),(68,15,88,19,69.00,'2022-04-28','2022-10-03'),(69,33,23,6,67.00,'2022-05-13','2022-06-11'),(70,11,85,50,49.00,'2022-05-13','2022-07-17'),(71,47,90,28,21.00,'2022-04-18','2022-06-29'),(72,23,89,27,95.00,'2022-04-20','2022-10-15'),(73,47,13,16,20.00,'2022-04-22','2022-09-18'),(74,20,84,38,96.00,'2022-05-14','2022-06-30'),(75,21,43,44,15.00,'2022-05-04','2022-05-22'),(76,1,37,30,60.00,'2022-05-07','2022-07-08'),(77,48,58,3,41.00,'2022-05-04','2022-08-29'),(78,15,29,37,64.00,'2022-04-22','2022-05-21'),(79,47,91,48,49.00,'2022-04-30','2022-09-12'),(80,21,47,4,9.00,'2022-04-16','2022-11-05'),(81,47,43,48,33.00,'2022-04-27','2022-06-08'),(82,24,69,30,74.00,'2022-04-21','2022-07-24'),(83,14,69,21,3.00,'2022-05-11','2022-09-29'),(84,36,13,12,95.00,'2022-05-14','2022-05-17'),(85,13,80,22,71.00,'2022-04-29','2022-06-15'),(86,14,70,5,63.00,'2022-04-25','2022-10-14'),(87,26,96,36,97.00,'2022-04-25','2022-08-11'),(88,16,20,39,31.00,'2022-04-26','2022-11-29'),(89,47,96,32,3.00,'2022-04-22','2022-11-22'),(90,13,95,31,80.00,'2022-04-25','2022-11-21'),(91,26,100,39,58.00,'2022-05-09','2022-08-12'),(92,26,3,7,85.00,'2022-05-01','2022-11-04'),(93,8,82,13,92.00,'2022-05-01','2022-09-15'),(94,10,26,25,92.00,'2022-05-07','2022-06-04'),(95,31,21,32,11.00,'2022-05-06','2022-10-03'),(96,12,85,18,46.00,'2022-05-03','2022-11-18'),(97,23,20,38,98.00,'2022-05-08','2022-07-22'),(98,50,63,33,38.00,'2022-04-28','2022-07-13'),(99,39,74,16,92.00,'2022-05-12','2022-09-27'),(100,27,47,40,30.00,'2022-04-19','2022-06-30');
/*!40000 ALTER TABLE `purchase_orders` ENABLE KEYS */;
UNLOCK TABLES;

--
-- Table structure for table `sales`
--

DROP TABLE IF EXISTS `sales`;
/*!40101 SET @saved_cs_client     = @@character_set_client */;
/*!50503 SET character_set_client = utf8mb4 */;
CREATE TABLE `sales` (
  `sale_id` int NOT NULL,
  `order_id` int DEFAULT NULL,
  `product_id` int DEFAULT NULL,
  `sale_quantity` int DEFAULT NULL,
  `sale_amount` decimal(10,2) DEFAULT NULL,
  `profit_amount` decimal(10,2) DEFAULT NULL,
  PRIMARY KEY (`sale_id`),
  KEY `order_id` (`order_id`),
  KEY `product_id` (`product_id`),
  CONSTRAINT `sales_ibfk_1` FOREIGN KEY (`order_id`) REFERENCES `orders` (`order_id`),
  CONSTRAINT `sales_ibfk_2` FOREIGN KEY (`product_id`) REFERENCES `products` (`product_id`)
) ENGINE=InnoDB DEFAULT CHARSET=utf8mb4 COLLATE=utf8mb4_0900_ai_ci;
/*!40101 SET character_set_client = @saved_cs_client */;

--
-- Dumping data for table `sales`
--

LOCK TABLES `sales` WRITE;
/*!40000 ALTER TABLE `sales` DISABLE KEYS */;
/*!40000 ALTER TABLE `sales` ENABLE KEYS */;
UNLOCK TABLES;

--
-- Table structure for table `suppliers`
--

DROP TABLE IF EXISTS `suppliers`;
/*!40101 SET @saved_cs_client     = @@character_set_client */;
/*!50503 SET character_set_client = utf8mb4 */;
CREATE TABLE `suppliers` (
  `supplier_id` int NOT NULL,
  `supplier_name` varchar(255) DEFAULT NULL,
  `location_id` int DEFAULT NULL,
  PRIMARY KEY (`supplier_id`),
  KEY `location_id` (`location_id`),
  CONSTRAINT `suppliers_ibfk_1` FOREIGN KEY (`location_id`) REFERENCES `locations` (`location_id`)
) ENGINE=InnoDB DEFAULT CHARSET=utf8mb4 COLLATE=utf8mb4_0900_ai_ci;
/*!40101 SET character_set_client = @saved_cs_client */;

--
-- Dumping data for table `suppliers`
--

LOCK TABLES `suppliers` WRITE;
/*!40000 ALTER TABLE `suppliers` DISABLE KEYS */;
INSERT INTO `suppliers` VALUES (1,'Washtell',367),(2,'Saladino',99),(3,'Westley',60),(4,'Creelman',365),(5,'Willicott',328),(6,'Croom',331),(7,'Florio',65),(8,'Stairmond',199),(9,'Winckles',284),(10,'Guillem',497),(11,'Adriano',155),(12,'Agge',237),(13,'Dubber',435),(14,'Heath',27),(15,'Quaif',64),(16,'Girogetti',348),(17,'Oswal',309),(18,'Hainey',180),(19,'Abramin',274),(20,'Niemetz',393),(21,'Cerro',440),(22,'O\'Donnelly',341),(23,'Zorzini',64),(24,'Ashpole',90),(25,'McKeady',218),(26,'Wartonby',225),(27,'Ickovici',3),(28,'Langridge',336),(29,'Michiel',335),(30,'Betho',127),(31,'Caldecourt',32),(32,'Cockings',271),(33,'Hub',408),(34,'Aleevy',207),(35,'Cordie',68),(36,'Codlin',259),(37,'Cherm',119),(38,'Limprecht',482),(39,'Shird',211),(40,'Lorek',335),(41,'Burghall',115),(42,'Lochhead',219),(43,'Featherbie',353),(44,'Dye',160),(45,'Mendoza',178),(46,'Domico',217),(47,'Bollans',15),(48,'MacRierie',411),(49,'Ech',404),(50,'Spoward',89);
/*!40000 ALTER TABLE `suppliers` ENABLE KEYS */;
UNLOCK TABLES;

--
-- Table structure for table `supplies`
--

DROP TABLE IF EXISTS `supplies`;
/*!40101 SET @saved_cs_client     = @@character_set_client */;
/*!50503 SET character_set_client = utf8mb4 */;
CREATE TABLE `supplies` (
  `supplier_id` int NOT NULL,
  `product_id` int NOT NULL,
  PRIMARY KEY (`supplier_id`,`product_id`),
  KEY `product_id` (`product_id`),
  CONSTRAINT `supplies_ibfk_1` FOREIGN KEY (`supplier_id`) REFERENCES `suppliers` (`supplier_id`),
  CONSTRAINT `supplies_ibfk_2` FOREIGN KEY (`product_id`) REFERENCES `products` (`product_id`)
) ENGINE=InnoDB DEFAULT CHARSET=utf8mb4 COLLATE=utf8mb4_0900_ai_ci;
/*!40101 SET character_set_client = @saved_cs_client */;

--
-- Dumping data for table `supplies`
--

LOCK TABLES `supplies` WRITE;
/*!40000 ALTER TABLE `supplies` DISABLE KEYS */;
INSERT INTO `supplies` VALUES (48,1),(1,2),(35,3),(36,3),(30,4),(7,5),(31,5),(40,5),(47,5),(2,6),(26,6),(21,7),(3,8),(5,9),(6,9),(7,9),(39,10),(27,11),(2,15),(45,15),(3,16),(29,16),(27,17),(27,18),(2,19),(28,20),(31,23),(39,23),(45,23),(2,24),(2,25),(26,25),(14,26),(3,28),(38,29),(27,30),(47,30),(2,31),(47,32),(12,33),(23,33),(39,33),(21,34),(47,36),(16,37),(11,38),(17,38),(21,39),(27,39),(35,40),(40,41),(11,42),(42,43),(17,45),(7,46),(27,46),(27,47),(47,48),(26,49),(8,50),(12,51),(17,51),(23,51),(36,51),(38,51),(50,51),(1,52),(23,52),(47,52),(23,53),(14,54),(28,54),(48,54),(15,55),(36,55),(31,56),(6,57),(15,57),(31,58),(44,59),(28,60),(38,60),(14,61),(4,62),(15,62),(21,62),(35,62),(19,63),(33,65),(36,65),(2,66),(19,66),(4,67),(21,67),(47,67),(36,69),(6,70),(10,70),(9,73),(40,74),(2,76),(4,77),(45,77),(28,78),(39,78),(40,78),(11,79),(26,79),(28,79),(37,79),(49,81),(16,82),(30,84),(44,86),(16,89),(26,90),(35,90),(2,91),(42,91),(1,92),(31,92),(16,93),(29,93),(7,94),(23,94),(33,94),(28,95),(36,95),(27,96),(26,99),(31,99),(43,99),(7,100);
/*!40000 ALTER TABLE `supplies` ENABLE KEYS */;
UNLOCK TABLES;
/*!40103 SET TIME_ZONE=@OLD_TIME_ZONE */;

/*!40101 SET SQL_MODE=@OLD_SQL_MODE */;
/*!40014 SET FOREIGN_KEY_CHECKS=@OLD_FOREIGN_KEY_CHECKS */;
/*!40014 SET UNIQUE_CHECKS=@OLD_UNIQUE_CHECKS */;
/*!40101 SET CHARACTER_SET_CLIENT=@OLD_CHARACTER_SET_CLIENT */;
/*!40101 SET CHARACTER_SET_RESULTS=@OLD_CHARACTER_SET_RESULTS */;
/*!40101 SET COLLATION_CONNECTION=@OLD_COLLATION_CONNECTION */;
/*!40111 SET SQL_NOTES=@OLD_SQL_NOTES */;

-- Dump completed on 2023-04-17 21:58:35
